Record ID,Catalogue Number,Taxon Concept GUID,Scientific Name - original,Vernacular name - original,Scientific Name,Taxon Rank,Vernacular name,Kingdom,Phylum,Class,Order,Family,Genus,Subspecies,Data Resource ID,Data Resource Name,Institution ID,Institution,Collection ID,Collection,Licence,Institution Code,Collection Code,Locality,Latitude - original,Longitude - original,Geodetic datum - original,Latitude,Longitude,Coordinate Precision,Coordinate Uncertainty in Metres,Country - parsed,State - parsed,Local Government Areas 2011,IMCRA 4 Regions,IBRA 7 Regions,Minimum elevation in meters,Maximum elevation in meters,Minimum depth in meters,Maximum depth in meters,Individual count,Collector,Year,Month,Day,Event Date - parsed,Verbatim event date,Basis Of Record - original,Basis Of Record,Occurrence status,Sex,Preparations,Outlier for layer,Taxonomic Quality,Location Quality,Record number
1f7e96dc-20cc-4cab-8019-0507a59136a7,NSW 998442,https://id.biodiversity.org.au/taxon/apni/51288027,,,P. gilesii,species,,Plantae,Charophyta,Equisetopsida,Lamiales,Lamiaceae,Prostanthera,,dr15861,NSW AVH data,in50,The Royal Botanic Gardens & Domain Trust,co54,National Herbarium of New South Wales,,NSW,NSW,,-33.4,149,GDA94,-33.4,149,,10000,Australia,New South Wales,Cabonne (A),,South Eastern Highlands,,,,,,"Wilson, T.C.",2015,6,,,,,PreservedSpecimen,present,,,,TRUE,TRUE,577
afc46f7a-a5a2-4185-a691-3eaabea57722,MEL 2479681A,https://id.biodiversity.org.au/node/apni/2915463,P. phylicifolia,,P. phylicifolia,species,,Plantae,Charophyta,Equisetopsida,Lamiales,Lamiaceae,Prostanthera,,dr376,MEL AVH data,in21,Royal Botanic Gardens Victoria,co55,National Herbarium of Victoria,CC-BY 4.0 (Int),MEL,MEL,"Mt Kent, summit area.",-37.41944444,146.9666667,epsg:4326,-37.41944444,146.9666667,,1000,Australia,Victoria,Wellington (S),,Australian Alps,1560,1560,,,,"Walsh, N.G.",1992,3,15,15/03/1992,,PreservedSpecimen,PreservedSpecimen,present,,Sheet,,TRUE,TRUE,3416
03bfdc23-e3ee-4aae-a614-f1f773a9173a,MEL 1554264A,https://id.biodiversity.org.au/node/apni/2915463,P. phylicifolia,,P. phylicifolia,species,,Plantae,Charophyta,Equisetopsida,Lamiales,Lamiaceae,Prostanthera,,dr376,MEL AVH data,in21,Royal Botanic Gardens Victoria,co55,National Herbarium of Victoria,CC-BY 4.0 (Int),MEL,MEL,East Central Highlands. West rocky slopes of Mount Kent (ca. 80 km north of Sale).,-37.41875,146.96736,epsg:4326,-37.41875,146.96736,,10000,Australia,Victoria,Wellington (S),,Australian Alps,,,,,,"Willis, J.H.",1974,2,28,28/02/1974,,PreservedSpecimen,PreservedSpecimen,present,,Sheet,,TRUE,TRUE,s.n.
c9a9403e-1425-4ac7-99c1-a8b2b4ffe2cf,MEL 0543503A,https://id.biodiversity.org.au/node/apni/2915463,P. phylicifolia,,P. phylicifolia,species,,Plantae,Charophyta,Equisetopsida,Lamiales,Lamiaceae,Prostanthera,,dr376,MEL AVH data,in21,Royal Botanic Gardens Victoria,co55,National Herbarium of Victoria,CC-BY 4.0 (Int),MEL,MEL,East Gippsland. No. 1 Peak (near Mount Kaye).,-37.37448,149.22861,epsg:4283,-37.37448,149.22861,,10000,Australia,Victoria,East Gippsland (S),,South East Corner,,,,,,"Wakefield, N.A.",1946,10,13,13/10/1946,,PreservedSpecimen,PreservedSpecimen,present,,Sheet,,TRUE,TRUE,3921
aea26582-1797-4b21-86f1-7145324973bf,AD 99426154,https://id.biodiversity.org.au/node/apni/2915463,P. phylicifolia F.Muell.,,P. phylicifolia,species,,Plantae,Charophyta,Equisetopsida,Lamiales,Lamiaceae,Prostanthera,,dr15865,Australasian Virtual Herbarium (AVH) data from the State Herbarium of South Australia (AD),in41,"Department of Environment, Water and Natural Resources",co48,State Herbarium of South Australia,,AD,AD,"C. 9 km (direct) SE of Gelantipy, 300 m N and downhill of Fork Track, above Snowy River",-37.283333,148.316667,AGD84,-37.28199388,148.3176807,,1000,Australia,Victoria,East Gippsland (S),,South East Corner,500,500,,,,"Makinson, R.O. | Carmen, P.",1991,12,6,6/12/1991,6-Dec-91,PreservedSpecimen,PreservedSpecimen,present,,,,TRUE,TRUE,984
ad268c16-3de1-4013-aac6-b8d788a40fcb,MEL 0714598A,https://id.biodiversity.org.au/node/apni/2915463,P. phylicifolia,,P. phylicifolia,species,,Plantae,Charophyta,Equisetopsida,Lamiales,Lamiaceae,Prostanthera,,dr376,MEL AVH data,in21,Royal Botanic Gardens Victoria,co55,National Herbarium of Victoria,CC-BY 4.0 (Int),MEL,MEL,"c. 9 km (direct) SE of Gelantipy, 300 metres N and downhill of Fork Track, above Snowy River. Map ref: Murrindal 8523, 167.726.",-37.2833,148.3167,epsg:4326,-37.2833,148.3167,,1000,Australia,Victoria,East Gippsland (S),,South East Corner,500,500,,,,"Makinson, R.O.",1991,12,6,6/12/1991,,PreservedSpecimen,PreservedSpecimen,present,,Sheet,,TRUE,TRUE,984
4ba3baa2-3161-4753-adac-b8578bf57f3e,CBG 9106410.1,https://id.biodiversity.org.au/node/apni/2915463,P. phylicifolia F.Muell.,,P. phylicifolia,species,,Plantae,Charophyta,Equisetopsida,Lamiales,Lamiaceae,Prostanthera,,dr15860,CANB AVH data,in5,Centre for Australian National Biodiversity Research,co12,Australian National Herbarium,,CANB,CBG,"East Gippsland, c. 9 km (direct) SE of Gelantipy, 300 m N and downhill of Fork Track, above Snowy River. Map ref: Murrindal 8523, 167.726.",-37.2833,148.3167,,-37.2833,148.3167,,1000,Australia,Victoria,East Gippsland (S),,South East Corner,500,500,,,,"Makinson, R.O.",1991,12,6,6/12/1991,,PreservedSpecimen,PreservedSpecimen,present,,sheet,,TRUE,TRUE,984
8564a9ee-32ef-4f1b-95f4-894812019523,NSW 518048,https://id.biodiversity.org.au/node/apni/2915463,P. phylicifolia F.Muell.,,P. phylicifolia,species,,Plantae,Charophyta,Equisetopsida,Lamiales,Lamiaceae,Prostanthera,,dr15861,NSW AVH data,in50,The Royal Botanic Gardens & Domain Trust,co54,National Herbarium of New South Wales,,NSW,NSW,"c. 9 km (direct) SE of Gelantipy, 300 m N and downhill of Fork Track, above Snowy River. Map ref: Murrindal 8523, 167.726.",-37.28,148.32,,-37.28,148.32,,1000,Australia,Victoria,East Gippsland (S),,South East Corner,500,500,,,,"Makinson, R.O.",1991,12,6,6/12/1991,,PreservedSpecimen,PreservedSpecimen,present,,sheet,,TRUE,TRUE,984
98a509d0-d121-4781-8f8a-de0cbd54128f,NSW 1051502,https://id.biodiversity.org.au/node/apni/2915463,P. phylicifolia F.Muell.,,P. phylicifolia,species,,Plantae,Charophyta,Equisetopsida,Lamiales,Lamiaceae,Prostanthera,,dr15861,NSW AVH data,in50,The Royal Botanic Gardens & Domain Trust,co54,National Herbarium of New South Wales,,NSW,NSW,Rocky outcrop c. 3.3 km north of Mt Coopracambra summit.,-37.2528,149.2944,,-37.2528,149.2944,,,Australia,Victoria,East Gippsland (S),,South East Corner,700,700,,,,"Albrecht, D.E.",1988,9,10,10/09/1988,,PreservedSpecimen,PreservedSpecimen,present,,sheet,,TRUE,TRUE,3684
64ce9cf8-c4bb-4e3d-a7af-0ae935395d33,MEL 0302653A,https://id.biodiversity.org.au/node/apni/2915463,P. phylicifolia,,P. phylicifolia,species,,Plantae,Charophyta,Equisetopsida,Lamiales,Lamiaceae,Prostanthera,,dr376,MEL AVH data,in21,Royal Botanic Gardens Victoria,co55,National Herbarium of Victoria,CC-BY 4.0 (Int),MEL,MEL,Rocky outcrop c. 3.3 km north of Mt Coopracambra summit.,-37.2528,149.2944,epsg:4326,-37.2528,149.2944,,1000,Australia,Victoria,East Gippsland (S),,South East Corner,700,700,,,,"Albrecht, D.E.",1988,9,10,10/09/1988,,PreservedSpecimen,PreservedSpecimen,present,,Sheet,,TRUE,TRUE,3684
8c73953a-8f3c-41e8-a7db-159e76c82ff7,MEL 0690094A,https://id.biodiversity.org.au/node/apni/2915463,P. phylicifolia,,P. phylicifolia,species,,Plantae,Charophyta,Equisetopsida,Lamiales,Lamiaceae,Prostanthera,,dr376,MEL AVH data,in21,Royal Botanic Gardens Victoria,co55,National Herbarium of Victoria,CC-BY 4.0 (Int),MEL,MEL,Yambulla State Forest. 1.0 km direct north-north-west of Mt Poole. Grid: 228 807.,-37.1944,149.5125,epsg:4326,-37.1944,149.5125,,1000,Australia,New South Wales,Bega Valley (A),,South East Corner,670,670,,,,"Albrecht, D.E.",1986,7,16,16/07/1986,,PreservedSpecimen,PreservedSpecimen,present,,Sheet,,TRUE,TRUE,2673
1ae2b7ab-51df-43f3-afc9-c81209cee7ae,NSW 275925,https://id.biodiversity.org.au/node/apni/2915463,P. phylicifolia F.Muell.,,P. phylicifolia,species,,Plantae,Charophyta,Equisetopsida,Lamiales,Lamiaceae,Prostanthera,,dr15861,NSW AVH data,in50,The Royal Botanic Gardens & Domain Trust,co54,National Herbarium of New South Wales,,NSW,NSW,"Grid Z1-2. Bowen Range, north of Grid Z.10 & Mt. Bowen.",-37.18,148.6,,-37.18,148.6,,10000,Australia,Victoria,East Gippsland (S),,South East Corner,,,,,,"Beauglehole, A.C.",1971,4,4,4/04/1971,,PreservedSpecimen,PreservedSpecimen,present,,sheet,,TRUE,TRUE,37186
594ebd8f-2b9d-44f7-976c-fed85b8edfd0,MEL 0544616A,https://id.biodiversity.org.au/node/apni/2915463,P. phylicifolia,,P. phylicifolia,species,,Plantae,Charophyta,Equisetopsida,Lamiales,Lamiaceae,Prostanthera,,dr376,MEL AVH data,in21,Royal Botanic Gardens Victoria,co55,National Herbarium of Victoria,CC-BY 4.0 (Int),MEL,MEL,East Gippsland. Boundary Creek Cliffs.,-37.12175,148.28395,epsg:4283,-37.12175,148.28395,,10000,Australia,Victoria,East Gippsland (S),,South East Corner,,,,,,"Wakefield, N.A.",1949,1,6,6/01/1949,,PreservedSpecimen,PreservedSpecimen,present,,Sheet,,TRUE,TRUE,2703
3f9db44e-e4e1-4ec3-92ea-4992a54a0e87,MEL 2470120A,https://id.biodiversity.org.au/node/apni/2915463,P. phylicifolia,,P. phylicifolia,species,,Plantae,Charophyta,Equisetopsida,Lamiales,Lamiaceae,Prostanthera,,dr376,MEL AVH data,in21,Royal Botanic Gardens Victoria,co55,National Herbarium of Victoria,CC-BY 4.0 (Int),MEL,MEL,"Cobungra, gully falling to base of Victoria Falls, c. 200 m SE of lookout.",-37.0857778,147.4593056,epsg:4326,-37.0857778,147.4593056,,5,Australia,Victoria,East Gippsland (S),,South Eastern Highlands,945,945,,,,"Walsh, N.G.",2019,10,9,9/10/2019,,PreservedSpecimen,PreservedSpecimen,present,,Sheet,,TRUE,TRUE,9013
8ec88656-1343-4c3d-83a5-cf2f364e48c9,MEL 2470114A,https://id.biodiversity.org.au/node/apni/2915463,P. phylicifolia,,P. phylicifolia,species,,Plantae,Charophyta,Equisetopsida,Lamiales,Lamiaceae,Prostanthera,,dr376,MEL AVH data,in21,Royal Botanic Gardens Victoria,co55,National Herbarium of Victoria,CC-BY 4.0 (Int),MEL,MEL,"Cobungra, Victoria Falls lookout area.",-37.0847222,147.4580556,epsg:4326,-37.0847222,147.4580556,,5,Australia,Victoria,East Gippsland (S),,South Eastern Highlands,955,955,,,,"Walsh, N.G.",2019,10,9,9/10/2019,,PreservedSpecimen,PreservedSpecimen,present,,Sheet,,TRUE,TRUE,9007
36c37656-8116-4e8e-b518-f5c4e3a82c54,NSW 1051719,https://id.biodiversity.org.au/node/apni/2915463,P. phylicifolia F.Muell.,,P. phylicifolia,species,,Plantae,Charophyta,Equisetopsida,Lamiales,Lamiaceae,Prostanthera,,dr15861,NSW AVH data,in50,The Royal Botanic Gardens & Domain Trust,co54,National Herbarium of New South Wales,,NSW,NSW,"Bare Rocks of Wulgulmerang, c. 31 miles NNE of Buchan.",-37.08,148.27,GDA94,-37.08,148.27,,10000,Australia,Victoria,East Gippsland (S),,South Eastern Highlands,,,,,,"Melville, R.",1953,1,21,21/01/1953,,PreservedSpecimen,PreservedSpecimen,present,,sheet,,TRUE,TRUE,3036
1427bee9-217f-4b2f-b7cd-edaa3f190d1b,MEL 2425432A,https://id.biodiversity.org.au/node/apni/2915463,P. phylicifolia,,P. phylicifolia,species,,Plantae,Charophyta,Equisetopsida,Lamiales,Lamiaceae,Prostanthera,,dr376,MEL AVH data,in21,Royal Botanic Gardens Victoria,co55,National Herbarium of Victoria,CC-BY 4.0 (Int),MEL,MEL,North off marble gully track 7 km north east of Bindi Station Homestead.,-37.07916667,147.8819444,epsg:4326,-37.07916667,147.8819444,,50,Australia,Victoria,East Gippsland (S),,South East Corner,1000,1000,,,,"Turner, J.R.",2016,5,15,15/05/2016,,PreservedSpecimen,PreservedSpecimen,present,,Sheet,,TRUE,TRUE,2106
a0b4c67c-034a-45e1-ac5b-0e2535c0ae01,MEL 0543502A,https://id.biodiversity.org.au/node/apni/2915463,P. phylicifolia,,P. phylicifolia,species,,Plantae,Charophyta,Equisetopsida,Lamiales,Lamiaceae,Prostanthera,,dr376,MEL AVH data,in21,Royal Botanic Gardens Victoria,co55,National Herbarium of Victoria,CC-BY 4.0 (Int),MEL,MEL,East Gippsland. Little River. Black Mountain.,-37.07,148.33,epsg:4326,-37.07,148.33,,10000,Australia,Victoria,East Gippsland (S),,South East Corner,,,,,,"Wakefield, N.A.",1949,1,13,13/01/1949,,PreservedSpecimen,PreservedSpecimen,present,,Sheet,,TRUE,TRUE,2621
1eb20295-fe82-4bf3-ae26-b38b75fb0619,MEL 0302647A,https://id.biodiversity.org.au/node/apni/2915463,P. phylicifolia,,P. phylicifolia,species,,Plantae,Charophyta,Equisetopsida,Lamiales,Lamiaceae,Prostanthera,,dr376,MEL AVH data,in21,Royal Botanic Gardens Victoria,co55,National Herbarium of Victoria,CC-BY 4.0 (Int),MEL,MEL,"Rocky outcrop ca 4 km east of Mt Seldom Seen, which is ca 10 km south-west of Wulgulmerang. (Wulgulmerang is ca 80 km north-north-west of Orbost).",-37.0667,148.2,epsg:4326,-37.0667,148.2,,10000,Australia,Victoria,East Gippsland (S),,South East Corner,,,,,,"Orchard, A.E.",1970,12,6,6/12/1970,,PreservedSpecimen,PreservedSpecimen,present,,Sheet,,TRUE,TRUE,2773
ed30ba20-6a8f-4738-838f-757a741b2a7d,MEL 0302645A,https://id.biodiversity.org.au/node/apni/2915463,P. phylicifolia,,P. phylicifolia,species,,Plantae,Charophyta,Equisetopsida,Lamiales,Lamiaceae,Prostanthera,,dr376,MEL AVH data,in21,Royal Botanic Gardens Victoria,co55,National Herbarium of Victoria,CC-BY 4.0 (Int),MEL,MEL,"Little River, Wulgulmerang. K.C.Roger's property.",-37.0667,148.25,epsg:4326,-37.0667,148.25,,10000,Australia,Victoria,East Gippsland (S),,South Eastern Highlands,,,,,,"Beauglehole, A.C.",1973,3,2,2/03/1973,,PreservedSpecimen,PreservedSpecimen,present,,Sheet,,TRUE,TRUE,41613
3339a8f5-a9be-48ac-9d21-6d474e1969e7,MEL 0302649A,https://id.biodiversity.org.au/node/apni/2915463,P. phylicifolia,,P. phylicifolia,species,,Plantae,Charophyta,Equisetopsida,Lamiales,Lamiaceae,Prostanthera,,dr376,MEL AVH data,in21,Royal Botanic Gardens Victoria,co55,National Herbarium of Victoria,CC-BY 4.0 (Int),MEL,MEL,"Little River, Wulgulmerang. K.C.Roger's property.",-37.0667,148.25,epsg:4326,-37.0667,148.25,,10000,Australia,Victoria,East Gippsland (S),,South Eastern Highlands,,,,,,"Beauglehole, A.C.",1973,3,2,2/03/1973,,PreservedSpecimen,PreservedSpecimen,present,,Sheet,,TRUE,TRUE,41613
18f696d6-ed8e-4797-b544-ee7afb40c865,MEL 0302643A,https://id.biodiversity.org.au/node/apni/2915463,P. phylicifolia,,P. phylicifolia,species,,Plantae,Charophyta,Equisetopsida,Lamiales,Lamiaceae,Prostanthera,,dr376,MEL AVH data,in21,Royal Botanic Gardens Victoria,co55,National Herbarium of Victoria,CC-BY 4.0 (Int),MEL,MEL,"Little River, Wulgulmerang. K.C.Roger's property.",-37.0667,148.25,epsg:4326,-37.0667,148.25,,10000,Australia,Victoria,East Gippsland (S),,South Eastern Highlands,,,,,,"Beauglehole, A.C.",1973,3,2,2/03/1973,,PreservedSpecimen,PreservedSpecimen,present,,Sheet,,TRUE,TRUE,41612
001d232e-7b46-4c10-ab8b-4e55e30827e7,MEL 0302705A,https://id.biodiversity.org.au/node/apni/2915463,P. phylicifolia,,P. phylicifolia,species,,Plantae,Charophyta,Equisetopsida,Lamiales,Lamiaceae,Prostanthera,,dr376,MEL AVH data,in21,Royal Botanic Gardens Victoria,co55,National Herbarium of Victoria,CC-BY 4.0 (Int),MEL,MEL,"K.C. Rogers property, Little River, Wulgulmerang.",-37.0667,148.25,epsg:4326,-37.0667,148.25,,10000,Australia,Victoria,East Gippsland (S),,South Eastern Highlands,,,,,,"Beauglehole, A.C.",1973,3,2,2/03/1973,,PreservedSpecimen,PreservedSpecimen,present,,Sheet,,TRUE,TRUE,41612
be3adb03-c983-4199-bb94-f7c480b65350,MEL 2193441A,https://id.biodiversity.org.au/node/apni/2915463,P. phylicifolia,,P. phylicifolia,species,,Plantae,Charophyta,Equisetopsida,Lamiales,Lamiaceae,Prostanthera,,dr376,MEL AVH data,in21,Royal Botanic Gardens Victoria,co55,National Herbarium of Victoria,CC-BY 4.0 (Int),MEL,MEL,Deddick area. Mt Bulla Bulla.,-37.0625,148.4167,epsg:4326,-37.0625,148.4167,,1000,Australia,Victoria,East Gippsland (S),,South East Corner,910,910,,,,"Walsh, N.G.",2001,7,13,13/07/2001,,PreservedSpecimen,PreservedSpecimen,present,,Sheet,,TRUE,TRUE,5347
ea68bf59-0ffd-46fb-b976-708f9524b129,MEL 2470086A,https://id.biodiversity.org.au/node/apni/2915463,P. phylicifolia,,P. phylicifolia,species,,Plantae,Charophyta,Equisetopsida,Lamiales,Lamiaceae,Prostanthera,,dr376,MEL AVH data,in21,Royal Botanic Gardens Victoria,co55,National Herbarium of Victoria,CC-BY 4.0 (Int),MEL,MEL,"Above the south bank of the Cobungra River, 4.65 km NNW from Cobungra Rd/Great Alpine Rd junction.",-37.0539722,147.399,epsg:4326,-37.0539722,147.399,,5,Australia,Victoria,East Gippsland (S),,South Eastern Highlands,930,930,,,,"Walsh, N.G.",2019,10,8,8/10/2019,,PreservedSpecimen,PreservedSpecimen,present,,Sheet | Silica gel sample,,TRUE,TRUE,8979
77213c47-5440-492f-800b-67c4999c9450,MEL 2451832A,https://id.biodiversity.org.au/node/apni/2915463,P. phylicifolia,,P. phylicifolia,species,,Plantae,Charophyta,Equisetopsida,Lamiales,Lamiaceae,Prostanthera,,dr376,MEL AVH data,in21,Royal Botanic Gardens Victoria,co55,National Herbarium of Victoria,CC-BY 4.0 (Int),MEL,MEL,"Cobungra, private property 'Sinza', 4.7 km due N of junction of Cobungra Rd and Great Alpine Rd.",-37.05377778,147.4035278,epsg:4326,-37.05377778,147.4035278,,50,Australia,Victoria,East Gippsland (S),,South Eastern Highlands,920,920,,,,"Walsh, N.G.",2019,1,17,17/01/2019,,PreservedSpecimen,PreservedSpecimen,present,,Sheet,,TRUE,TRUE,8906
1624f496-5a83-48c0-b2f2-e7a8b7d96f95,NSW 992045,https://id.biodiversity.org.au/node/apni/2915463,P. phylicifolia F.Muell.,,P. phylicifolia,species,,Plantae,Charophyta,Equisetopsida,Lamiales,Lamiaceae,Prostanthera,,dr15861,NSW AVH data,in50,The Royal Botanic Gardens & Domain Trust,co54,National Herbarium of New South Wales,,NSW,NSW,"Old Hut Creek, approx 150m W of crossing of Back Creek Trail",-37.03969,149.77719,GDA94,-37.03969,149.77719,,3,Australia,New South Wales,Bega Valley (A),,South East Corner,165,165,,,,"Phillips, G.P.",2016,11,29,29/11/2016,,PreservedSpecimen,PreservedSpecimen,present,,sheet,,TRUE,TRUE,219
9dfb9b24-fb1a-452e-9e87-5a7462f20077,CBG 8805136.1,https://id.biodiversity.org.au/node/apni/2915463,P. phylicifolia F.Muell.,,P. phylicifolia,species,,Plantae,Charophyta,Equisetopsida,Lamiales,Lamiaceae,Prostanthera,,dr15860,CANB AVH data,in5,Centre for Australian National Biodiversity Research,co12,Australian National Herbarium,,CANB,CBG,"Nullica State Forest, SE of Sugarloaf Mountain. (Map ref.: Eden 1:25,000, 447 971)",-37.0333,149.75,,-37.0333,149.75,,,Australia,New South Wales,Bega Valley (A),,South East Corner,410,410,,,,"Fisher, N.",1988,10,21,21/10/1988,,PreservedSpecimen,PreservedSpecimen,present,,sheet,,TRUE,TRUE,140
22e0bde7-6881-4798-91c9-91b7843b9a41,CBG 8803506.1,https://id.biodiversity.org.au/node/apni/2915463,P. phylicifolia F.Muell.,,P. phylicifolia,species,,Plantae,Charophyta,Equisetopsida,Lamiales,Lamiaceae,Prostanthera,,dr15860,CANB AVH data,in5,Centre for Australian National Biodiversity Research,co12,Australian National Herbarium,,CANB,CBG,"Nullica State Forest, below Old Hut Creek Road, 100 m from its junction with Back Creek Fire Trail towards Ben Boyd Road. (Map ref.: Sheet 8823 (Eden)",-37.0333,149.7667,,-37.0333,149.7667,,1000,Australia,New South Wales,Bega Valley (A),,South East Corner,170,170,,,,"Parris, M.",1988,9,11,11/09/1988,,PreservedSpecimen,PreservedSpecimen,present,,sheet,,TRUE,TRUE,9533
2660a13d-b7ea-48e0-8711-e35c2d481349,CBG 8804173.1,https://id.biodiversity.org.au/node/apni/2915463,P. phylicifolia F.Muell.,,P. phylicifolia,species,,Plantae,Charophyta,Equisetopsida,Lamiales,Lamiaceae,Prostanthera,,dr15860,CANB AVH data,in5,Centre for Australian National Biodiversity Research,co12,Australian National Herbarium,,CANB,CBG,"Nullica State Forest, 15 km SW of Pambula, rhyolite outcrop above Old Hut Creek. (Map ref.: Sheet 8823 (Eden), 449972)",-37.0333,149.7667,,-37.0333,149.7667,,1000,Australia,New South Wales,Bega Valley (A),,South East Corner,370,370,,,,"Parris, M.",1988,11,11,11/11/1988,,PreservedSpecimen,PreservedSpecimen,present,,sheet,,TRUE,TRUE,9561
62e531da-5a2a-4517-81f4-d602f5dab844,NSW 456970,https://id.biodiversity.org.au/node/apni/2915463,P. phylicifolia F.Muell.,,P. phylicifolia,species,,Plantae,Charophyta,Equisetopsida,Lamiales,Lamiaceae,Prostanthera,,dr15861,NSW AVH data,in50,The Royal Botanic Gardens & Domain Trust,co54,National Herbarium of New South Wales,,NSW,NSW,"15km SW of Pambula, rhyolite outcrop above Old Hut Creek,",-37.03,149.77,,-37.03,149.77,,,Australia,New South Wales,Bega Valley (A),,South East Corner,370,370,,,,"Parris, M.",1988,11,11,11/11/1988,,PreservedSpecimen,PreservedSpecimen,present,,sheet,,TRUE,TRUE,9561
1b682212-d6c9-435e-831e-97b61a1b6a51,MEL 1554262A,https://id.biodiversity.org.au/node/apni/2915463,P. phylicifolia,,P. phylicifolia,species,,Plantae,Charophyta,Equisetopsida,Lamiales,Lamiaceae,Prostanthera,,dr376,MEL AVH data,in21,Royal Botanic Gardens Victoria,co55,National Herbarium of Victoria,CC-BY 4.0 (Int),MEL,MEL,"Bare Rocks of Wulgulmerang, ca 31 mls NNE of Buchan.",-37.02783,148.30744,epsg:4326,-37.02783,148.30744,,10000,Australia,Victoria,East Gippsland (S),,South Eastern Highlands,,,,,,"Melville, R.",1953,1,21,21/01/1953,,PreservedSpecimen,PreservedSpecimen,present,,Sheet,,TRUE,TRUE,3036
bc99b17a-451e-421d-9a1d-b375f4c803e2,NSW 435831,https://id.biodiversity.org.au/node/apni/2915463,P. phylicifolia F.Muell.,,P. phylicifolia,species,,Plantae,Charophyta,Equisetopsida,Lamiales,Lamiaceae,Prostanthera,,dr15861,NSW AVH data,in50,The Royal Botanic Gardens & Domain Trust,co54,National Herbarium of New South Wales,,NSW,NSW,"10.5 km along Ben Boyd road from Sugarloaf road intersection,",-37.0252778,149.7202778,,-37.0252778,149.7202778,,50,Australia,New South Wales,Bega Valley (A),,South East Corner,,,,,,"Wilson, D.I.",1999,12,18,18/12/1999,,PreservedSpecimen,PreservedSpecimen,present,,sheet,,TRUE,TRUE,109
e3378798-c105-43cb-996b-c2731bd19480,CBG 53965.1,https://id.biodiversity.org.au/node/apni/2915463,P. phylicifolia F.Muell.,,P. phylicifolia,species,,Plantae,Charophyta,Equisetopsida,Lamiales,Lamiaceae,Prostanthera,,dr15860,CANB AVH data,in5,Centre for Australian National Biodiversity Research,co12,Australian National Herbarium,,CANB,CBG,"Jingera Rock (Egan Peak), 8 km SSE of Wyndham.",-37.0167,149.6833,,-37.0167,149.6833,,1000,Australia,New South Wales,Bega Valley (A),,South East Corner,420,420,,,,"Telford, I.R.",1973,10,29,29/10/1973,,PreservedSpecimen,PreservedSpecimen,present,,sheet,,TRUE,TRUE,3603
b10b5ef6-0c87-4505-ae4b-2106b1632d43,NSW 275936,https://id.biodiversity.org.au/node/apni/2915463,P. phylicifolia F.Muell.,,P. phylicifolia,species,,Plantae,Charophyta,Equisetopsida,Lamiales,Lamiaceae,Prostanthera,,dr15861,NSW AVH data,in50,The Royal Botanic Gardens & Domain Trust,co54,National Herbarium of New South Wales,,NSW,NSW,Summit of Mt Tingaringy.,-37,148.68,,-37,148.68,,10000,Australia,Victoria,East Gippsland (S),,South Eastern Highlands,,,,,,"Powell, J.M.",1981,1,25,25/01/1981,,PreservedSpecimen,PreservedSpecimen,present,,sheet,,TRUE,TRUE,1527
9f62151c-d458-4624-9016-ec2ee8d71742,AD 98229249,https://id.biodiversity.org.au/node/apni/2915463,P. phylicifolia F.Muell.,,P. phylicifolia,species,,Plantae,Charophyta,Equisetopsida,Lamiales,Lamiaceae,Prostanthera,,dr15865,Australasian Virtual Herbarium (AVH) data from the State Herbarium of South Australia (AD),in41,"Department of Environment, Water and Natural Resources",co48,State Herbarium of South Australia,,AD,AD,Summit of Mt Tingaringy,-37,148.683333,AGD84,-36.99865689,148.6843383,,1000,Australia,Victoria,East Gippsland (S),,South Eastern Highlands,,,,,,"Powell, J.M.",1981,1,25,25/01/1981,25-Jan-81,PreservedSpecimen,PreservedSpecimen,present,,,,TRUE,TRUE,1527
572cb4d0-6a08-4a5d-8492-b4e5ea849765,MEL 0595499A,https://id.biodiversity.org.au/node/apni/2915463,P. phylicifolia,,P. phylicifolia,species,,Plantae,Charophyta,Equisetopsida,Lamiales,Lamiaceae,Prostanthera,,dr376,MEL AVH data,in21,Royal Botanic Gardens Victoria,co55,National Herbarium of Victoria,CC-BY 4.0 (Int),MEL,MEL,Mount Tingaringy summit.,-36.99861111,148.6763889,epsg:4326,-36.99861111,148.6763889,,1000,Australia,Victoria,East Gippsland (S),,South Eastern Highlands,1448,1448,,,,"Walsh, N.G.",1979,9,15,15/09/1979,,PreservedSpecimen,PreservedSpecimen,present,,Sheet,,TRUE,TRUE,300
737b4fc3-4766-4562-b9ea-9b570de55e3d,MEL 0689469A,https://id.biodiversity.org.au/node/apni/2915463,P. phylicifolia,,P. phylicifolia,species,,Plantae,Charophyta,Equisetopsida,Lamiales,Lamiaceae,Prostanthera,,dr376,MEL AVH data,in21,Royal Botanic Gardens Victoria,co55,National Herbarium of Victoria,CC-BY 4.0 (Int),MEL,MEL,Egan Peaks Nature Reserve. Jingera Rock.,-36.9972,149.6694,epsg:4326,-36.9972,149.6694,,1000,Australia,New South Wales,Bega Valley (A),,South East Corner,500,500,,,,"Albrecht, D.E.",1986,7,18,18/07/1986,,PreservedSpecimen,PreservedSpecimen,present,,Sheet,,TRUE,TRUE,2693
17771f76-d4ee-459d-98f5-51f4ef7ff7cc,NSW 275914,https://id.biodiversity.org.au/node/apni/2915463,P. phylicifolia F.Muell.,,P. phylicifolia,species,,Plantae,Charophyta,Equisetopsida,Lamiales,Lamiaceae,Prostanthera,,dr15861,NSW AVH data,in50,The Royal Botanic Gardens & Domain Trust,co54,National Herbarium of New South Wales,,NSW,NSW,Omeo to Mt Hotham.,-36.98,147.13,,-36.98,147.13,,25000,Australia,Victoria,Unincorporated Vic,,Australian Alps,3000,3000,,,,"Cambage, R.H.",1913,1,17,17/01/1913,,PreservedSpecimen,PreservedSpecimen,present,,sheet,,TRUE,TRUE,3683
bc8629e6-c3cf-4dfb-be25-a6dfe98c12b5,MEL 0690186A,https://id.biodiversity.org.au/node/apni/2915463,P. phylicifolia,,P. phylicifolia,species,,Plantae,Charophyta,Equisetopsida,Lamiales,Lamiaceae,Prostanthera,,dr376,MEL AVH data,in21,Royal Botanic Gardens Victoria,co55,National Herbarium of Victoria,CC-BY 4.0 (Int),MEL,MEL,3.5 km north east of Dingo Flat (ENE along main ridge then north onto major spur). 9 km ESE of Mt Cobberas No.1.,-36.9083,148.2375,epsg:4326,-36.9083,148.2375,,1000,Australia,Victoria,East Gippsland (S),,Australian Alps,1100,1100,,,,"Forbes, S.J.",1986,11,2,2/11/1986,,PreservedSpecimen,PreservedSpecimen,present,,Sheet,,TRUE,TRUE,3179
97e97ab6-c1c8-4523-9aac-ad9d16adbfd7,CANB 330986.1,https://id.biodiversity.org.au/node/apni/2915463,P. phylicifolia F.Muell.,,P. phylicifolia,species,,Plantae,Charophyta,Equisetopsida,Lamiales,Lamiaceae,Prostanthera,,dr15860,CANB AVH data,in5,Centre for Australian National Biodiversity Research,co12,Australian National Herbarium,,CANB,CANB,"Tingiringi Fire Trail, 3 miles [4.8 km] north of summit.",-36.8975,148.7458,,-36.8975,148.7458,,20000,Australia,New South Wales,Bombala (A),,South Eastern Highlands,,,,,,"Wimbush, D.J.",1972,9,21,21/09/1972,,PreservedSpecimen,PreservedSpecimen,present,,sheet,,TRUE,TRUE,KOS675
797ec5d8-9d8c-4101-8e20-e995f7e8c911,NSW 243340,https://id.biodiversity.org.au/node/apni/2915463,P. phylicifolia F.Muell.,,P. phylicifolia,species,,Plantae,Charophyta,Equisetopsida,Lamiales,Lamiaceae,Prostanthera,,dr15861,NSW AVH data,in50,The Royal Botanic Gardens & Domain Trust,co54,National Herbarium of New South Wales,,NSW,NSW,"On southern bank of Limestone creek. 1 km directly north-northeast from Limestone Creek track crossing, 6.5 km west-northwest from Cobberas #2.",-36.8222222,148.0736111,,-36.8222222,148.0736111,,,Australia,Victoria,East Gippsland (S),,South Eastern Highlands,940,940,,,,"Walsh, N.G.",1988,1,22,22/01/1988,,PreservedSpecimen,PreservedSpecimen,present,,sheet,,TRUE,TRUE,2039
951269f3-8208-4fcb-8c62-15e3c562a4fe,MEL 0222168A,https://id.biodiversity.org.au/node/apni/2915463,P. phylicifolia,,P. phylicifolia,species,,Plantae,Charophyta,Equisetopsida,Lamiales,Lamiaceae,Prostanthera,,dr376,MEL AVH data,in21,Royal Botanic Gardens Victoria,co55,National Herbarium of Victoria,CC-BY 4.0 (Int),MEL,MEL,"On southern bank of Limestone Creek. 1 km direct NNE from Limestone Creek track crossing, 6.5 km WNW from Cobberas No.2.",-36.8222,148.0736,epsg:4326,-36.8222,148.0736,,1000,Australia,Victoria,East Gippsland (S),,South Eastern Highlands,940,940,,,,"Walsh, N.G.",1988,1,22,22/01/1988,,PreservedSpecimen,PreservedSpecimen,present,,Sheet,,TRUE,TRUE,2039
792b0135-141b-48d0-ad5b-55e818917114,CANB 525193.1,https://id.biodiversity.org.au/node/apni/2915463,P. phylicifolia F.Muell.,,P. phylicifolia,species,,Plantae,Charophyta,Equisetopsida,Lamiales,Lamiaceae,Prostanthera,,dr15860,CANB AVH data,in5,Centre for Australian National Biodiversity Research,co12,Australian National Herbarium,,CANB,CANB,Mitta Mitta.,-36.5167,147.3667,,-36.5167,147.3667,,2000,Australia,Victoria,Towong (S),,NSW South Western Slopes,,,,,,"Clinton, S.F.",1922,11,,1/11/1922,,PreservedSpecimen,PreservedSpecimen,present,,sheet,,TRUE,TRUE,
031efd49-95ea-465c-b73f-5f950756af14,NSW 134382,https://id.biodiversity.org.au/node/apni/2915463,P. phylicifolia F.Muell.,,P. phylicifolia,species,,Plantae,Charophyta,Equisetopsida,Lamiales,Lamiaceae,Prostanthera,,dr15861,NSW AVH data,in50,The Royal Botanic Gardens & Domain Trust,co54,National Herbarium of New South Wales,,NSW,NSW,Mt. Kosciusko up to 5500 ft [1676 m].,-36.45,148.27,,-36.45,148.27,,25000,Australia,New South Wales,Snowy River (A),,Australian Alps,,,,,,"Maiden, J.H.",1898,1,,1898-01-01,,PreservedSpecimen,PreservedSpecimen,present,,sheet,,TRUE,TRUE,
c13b7df3-2ddf-4824-9666-2321933d463d,NSW 56962,https://id.biodiversity.org.au/node/apni/2915463,P. phylicifolia F.Muell.,,P. phylicifolia,species,,Plantae,Charophyta,Equisetopsida,Lamiales,Lamiaceae,Prostanthera,,dr15861,NSW AVH data,in50,The Royal Botanic Gardens & Domain Trust,co54,National Herbarium of New South Wales,,NSW,NSW,Waste Point (junction of Thredbo and Snowy Rivers).,-36.42,148.58,,-36.42,148.58,,5000,Australia,New South Wales,Snowy River (A),,South Eastern Highlands,,,,,,"Stead, T.Y.",1962,1,13,13/01/1962,,PreservedSpecimen,PreservedSpecimen,present,,sheet,,TRUE,TRUE,
200289f2-52c4-41c7-8e1b-a862d3231b26,CBG 8001146.1,https://id.biodiversity.org.au/node/apni/2915463,P. phylicifolia F.Muell.,,P. phylicifolia,species,,Plantae,Charophyta,Equisetopsida,Lamiales,Lamiaceae,Prostanthera,,dr15860,CANB AVH data,in5,Centre for Australian National Biodiversity Research,co12,Australian National Herbarium,,CANB,CBG,"Kydra Reefs, 26 km SE of Cooma.",-36.4167,149.35,,-36.4167,149.35,,1000,Australia,New South Wales,Cooma-Monaro (A),,South Eastern Highlands,1100,1100,,,,"Telford, I.R.",1980,2,4,4/02/1980,,PreservedSpecimen,PreservedSpecimen,present,,sheet,,TRUE,TRUE,7331
5484ab15-7a2f-4bb0-aac6-a4472378bc27,NE 4443,https://id.biodiversity.org.au/node/apni/2915463,P. phylicifolia F.Muell.,,P. phylicifolia,species,,Plantae,Charophyta,Equisetopsida,Lamiales,Lamiaceae,Prostanthera,,dr15870,NE AVH data,in65,University of New England,co65,N.C.W. Beadle Herbarium,,NE,NE,"Gaden Fish Hatchery, Thredbo River near Jindabyne",-36.41666667,148.6166667,,-36.41666667,148.6166667,,,Australia,New South Wales,Snowy River (A),,South Eastern Highlands,,,,,,"Briggs, B.G.",1954,2,1,1/02/1954,,PreservedSpecimen,PreservedSpecimen,present,,,,TRUE,TRUE,
84390b30-6fe4-4ef2-9bcc-b899eedbcf22,NSW 491916,https://id.biodiversity.org.au/node/apni/2915463,P. phylicifolia F.Muell.,,P. phylicifolia,species,,Plantae,Charophyta,Equisetopsida,Lamiales,Lamiaceae,Prostanthera,,dr15861,NSW AVH data,in50,The Royal Botanic Gardens & Domain Trust,co54,National Herbarium of New South Wales,,NSW,NSW,"Throsby Trig, c. 2.5  km S of Kydra Reefs.",-36.4130556,149.3383333,,-36.4130556,149.3383333,,50,Australia,New South Wales,Cooma-Monaro (A),,South Eastern Highlands,1235,1235,,,,"Orme, A.E.",2002,3,9,9/03/2002,,PreservedSpecimen,PreservedSpecimen,present,,sheet,,TRUE,TRUE,262
cf11315d-66c9-4fa7-9d55-98ea6819d3f3,NE 109827,https://id.biodiversity.org.au/node/apni/2915463,P. phylicifolia F.Muell.,,P. phylicifolia,species,,Plantae,Charophyta,Equisetopsida,Lamiales,Lamiaceae,Prostanthera,,dr15870,NE AVH data,in65,University of New England,co65,N.C.W. Beadle Herbarium,,NE,NE,"Dangelong Nature Reserve, Throsby trig, c. 12.5 km NNE of Nimmitabel",-36.41172222,149.3398056,,-36.41172222,149.3398056,,,Australia,New South Wales,Cooma-Monaro (A),,South Eastern Highlands,1230,1230,,,,"Medd, R.W.",2019,5,2,2/05/2019,,PreservedSpecimen,PreservedSpecimen,present,,,,TRUE,TRUE,217099c
195122e0-00f4-491d-957f-6539a8dfe956,NE 109826,https://id.biodiversity.org.au/node/apni/2915463,P. phylicifolia F.Muell.,,P. phylicifolia,species,,Plantae,Charophyta,Equisetopsida,Lamiales,Lamiaceae,Prostanthera,,dr15870,NE AVH data,in65,University of New England,co65,N.C.W. Beadle Herbarium,,NE,NE,"Dangelong Nature Reserve, Throsby trig, c. 12.5 km NNE of Nimmitabel",-36.41163889,149.3394722,,-36.41163889,149.3394722,,,Australia,New South Wales,Cooma-Monaro (A),,South Eastern Highlands,1230,1230,,,,"Medd, R.W.",2019,5,2,2/05/2019,,PreservedSpecimen,PreservedSpecimen,present,,,,TRUE,TRUE,217099b
6e9717cd-72fb-40e3-a3e7-c1e5f478697a,NE 109829,https://id.biodiversity.org.au/node/apni/2915463,P. phylicifolia F.Muell.,,P. phylicifolia,species,,Plantae,Charophyta,Equisetopsida,Lamiales,Lamiaceae,Prostanthera,,dr15870,NE AVH data,in65,University of New England,co65,N.C.W. Beadle Herbarium,,NE,NE,"Dangelong Nature Reserve, Throsby trig, c. 12.5 km NNE of Nimmitabel",-36.4115,149.3396111,,-36.4115,149.3396111,,,Australia,New South Wales,Cooma-Monaro (A),,South Eastern Highlands,1230,1230,,,,"Medd, R.W.",2019,5,2,2/05/2019,,PreservedSpecimen,PreservedSpecimen,present,,,,TRUE,TRUE,217099e
3ccbb7a8-6c19-4515-b440-141ac481bc30,NE 109825,https://id.biodiversity.org.au/node/apni/2915463,P. phylicifolia F.Muell.,,P. phylicifolia,species,,Plantae,Charophyta,Equisetopsida,Lamiales,Lamiaceae,Prostanthera,,dr15870,NE AVH data,in65,University of New England,co65,N.C.W. Beadle Herbarium,,NE,NE,"Dangelong Nature Reserve, Throsby trig, c. 12.5 km NNE of Nimmitabel",-36.41141667,149.3394722,,-36.41141667,149.3394722,,,Australia,New South Wales,Cooma-Monaro (A),,South Eastern Highlands,1230,1230,,,,"Medd, R.W.",2019,5,2,2/05/2019,,PreservedSpecimen,PreservedSpecimen,present,,,,TRUE,TRUE,217099a
7341b1cd-ebcd-4ed6-ab7f-b3568a54385d,NE 109828,https://id.biodiversity.org.au/node/apni/2915463,P. phylicifolia F.Muell.,,P. phylicifolia,species,,Plantae,Charophyta,Equisetopsida,Lamiales,Lamiaceae,Prostanthera,,dr15870,NE AVH data,in65,University of New England,co65,N.C.W. Beadle Herbarium,,NE,NE,"Dangelong Nature Reserve, Throsby trig, c. 12.5 km NNE of Nimmitabel",-36.41125,149.33975,,-36.41125,149.33975,,,Australia,New South Wales,Cooma-Monaro (A),,South Eastern Highlands,1230,1230,,,,"Medd, R.W.",2019,5,2,2/05/2019,,PreservedSpecimen,PreservedSpecimen,present,,,,TRUE,TRUE,217099d
460350c7-c6f6-4146-b15c-3cbf51bcec20,CBG 9913858.1,https://id.biodiversity.org.au/node/apni/2915463,P. phylicifolia F.Muell.,,P. phylicifolia,species,,Plantae,Charophyta,Equisetopsida,Lamiales,Lamiaceae,Prostanthera,,dr15860,CANB AVH data,in5,Centre for Australian National Biodiversity Research,co12,Australian National Herbarium,,CANB,CBG,Mount Throsby trig.,-36.4,149.3442,,-36.4,149.3442,,1000,Australia,New South Wales,Cooma-Monaro (A),,South Eastern Highlands,1267,1267,,,,"Donaldson, S.",1999,6,16,16/06/1999,,PreservedSpecimen,PreservedSpecimen,present,,sheet,,TRUE,TRUE,2107
078a4b1f-0516-4760-9bae-1421b7ea5bc1,CANB 195957.1,https://id.biodiversity.org.au/node/apni/2915463,P. phylicifolia F.Muell.,,P. phylicifolia,species,,Plantae,Charophyta,Equisetopsida,Lamiales,Lamiaceae,Prostanthera,,dr15860,CANB AVH data,in5,Centre for Australian National Biodiversity Research,co12,Australian National Herbarium,,CANB,CANB,"Thredbo River, kosciuszko area.",-36.4,148.4833,,-36.4,148.4833,,10000,Australia,New South Wales,Snowy River (A),,Australian Alps,,,,,,"Westwood, M.",1969,12,7,7/12/1969,,PreservedSpecimen,PreservedSpecimen,present,,sheet,,TRUE,TRUE,
290ed14c-3fe6-4635-82bf-58ad7c2e6e77,NSW 225138,https://id.biodiversity.org.au/node/apni/2915463,P. phylicifolia F.Muell.,,P. phylicifolia,species,,Plantae,Charophyta,Equisetopsida,Lamiales,Lamiaceae,Prostanthera,,dr15861,NSW AVH data,in50,The Royal Botanic Gardens & Domain Trust,co54,National Herbarium of New South Wales,,NSW,NSW,"Kydra Reefs, 6.9 km (by road) east of ""Mountain View"" homestead, c. 37 km (by road) east of Cooma (via Dangelong homestead and Rock Flat Road).",-36.3916667,149.3486111,,-36.3916667,149.3486111,,,Australia,New South Wales,Cooma-Monaro (A),,South Eastern Highlands,1070,1070,,,,"Conn, B.J.",1990,2,20,20/02/1990,,PreservedSpecimen,PreservedSpecimen,present,,sheet,,TRUE,TRUE,3480
f6ec976c-96d2-43d0-a310-44f5c0731e97,MEL 1554299A,https://id.biodiversity.org.au/node/apni/2915463,P. phylicifolia,,P. phylicifolia,species,,Plantae,Charophyta,Equisetopsida,Lamiales,Lamiaceae,Prostanthera,,dr376,MEL AVH data,in21,Royal Botanic Gardens Victoria,co55,National Herbarium of Victoria,CC-BY 4.0 (Int),MEL,MEL,"Near Kydra Reef, 25 km SE of Cooma.",-36.3833,149.3333,epsg:4326,-36.3833,149.3333,,10000,Australia,New South Wales,Cooma-Monaro (A),,South Eastern Highlands,1000,1000,,,,"Coveny, R.G.",1974,3,20,20/03/1974,,PreservedSpecimen,PreservedSpecimen,present,,Sheet,,TRUE,TRUE,5443
710cc673-6343-4012-8335-830c3ae34db9,CANB 790716.1,https://id.biodiversity.org.au/node/apni/2915463,P. phylicifolia F.Muell.,,P. phylicifolia,species,,Plantae,Charophyta,Equisetopsida,Lamiales,Lamiaceae,Prostanthera,,dr15860,CANB AVH data,in5,Centre for Australian National Biodiversity Research,co12,Australian National Herbarium,,CANB,CANB,Kydra Reefs.,-36.3833,149.3,,-36.3833,149.3,,1000,Australia,New South Wales,Cooma-Monaro (A),,South Eastern Highlands,,,,,,"Wimbush, D.J.",1970,12,,1/12/1970,,PreservedSpecimen,PreservedSpecimen,present,,sheet,,TRUE,TRUE,
11dd3b49-1622-45ef-8a39-b03d0dcf3e8d,CANB 790700.1,https://id.biodiversity.org.au/node/apni/2915463,P. phylicifolia F.Muell.,,P. phylicifolia,species,,Plantae,Charophyta,Equisetopsida,Lamiales,Lamiaceae,Prostanthera,,dr15860,CANB AVH data,in5,Centre for Australian National Biodiversity Research,co12,Australian National Herbarium,,CANB,CANB,Kydra Reefs.,-36.3833,149.3,,-36.3833,149.3,,1000,Australia,New South Wales,Cooma-Monaro (A),,South Eastern Highlands,,,,,,"Wimbush, D.J.",1970,12,,1/12/1970,,PreservedSpecimen,PreservedSpecimen,present,,sheet,,TRUE,TRUE,
7eae1721-ef5c-4d9c-bd72-e6ac264daaef,NSW 237389,https://id.biodiversity.org.au/node/apni/2915463,P. phylicifolia F.Muell.,,P. phylicifolia,species,,Plantae,Charophyta,Equisetopsida,Lamiales,Lamiaceae,Prostanthera,,dr15861,NSW AVH data,in50,The Royal Botanic Gardens & Domain Trust,co54,National Herbarium of New South Wales,,NSW,NSW,"Kydra Reefs, near Throsby Trig.",-36.38,149.33,,-36.38,149.33,,1000,Australia,New South Wales,Cooma-Monaro (A),,South Eastern Highlands,1280,1280,,,,"Rodd, A.N.",1991,1,26,26/01/1991,,PreservedSpecimen,PreservedSpecimen,present,,sheet,,TRUE,TRUE,"6188,"
50fdf6a2-c688-4e3d-bc61-4a71a7197242,NSW 275931,https://id.biodiversity.org.au/node/apni/2915463,P. phylicifolia F.Muell.,,P. phylicifolia,species,,Plantae,Charophyta,Equisetopsida,Lamiales,Lamiaceae,Prostanthera,,dr15861,NSW AVH data,in50,The Royal Botanic Gardens & Domain Trust,co54,National Herbarium of New South Wales,,NSW,NSW,"Near Kydra Reefs, 25 km SE of Cooma.",-36.38,149.33,,-36.38,149.33,,10000,Australia,New South Wales,Cooma-Monaro (A),,South Eastern Highlands,1000,1000,,,,"Coveny, R.G.",1974,3,20,20/03/1974,,PreservedSpecimen,PreservedSpecimen,present,,sheet,,TRUE,TRUE,5443
32734cba-2b92-466e-a39c-d368cd2a2f77,NE 109821,https://id.biodiversity.org.au/node/apni/2915463,P. phylicifolia F.Muell.,,P. phylicifolia,species,,Plantae,Charophyta,Equisetopsida,Lamiales,Lamiaceae,Prostanthera,,dr15870,NE AVH data,in65,University of New England,co65,N.C.W. Beadle Herbarium,,NE,NE,"Kosciuszko National Park, Thredbo River, 5.4 km NW of Jindabyne",-36.37138889,148.5855556,,-36.37138889,148.5855556,,,Australia,New South Wales,Snowy River (A),,South Eastern Highlands,930,930,,,,"Medd, R.W.",2019,5,1,1/05/2019,,PreservedSpecimen,PreservedSpecimen,present,,,,TRUE,TRUE,217096a
f4a14e34-0559-480f-9437-99e683f3c37f,NE 109822,https://id.biodiversity.org.au/node/apni/2915463,P. phylicifolia F.Muell.,,P. phylicifolia,species,,Plantae,Charophyta,Equisetopsida,Lamiales,Lamiaceae,Prostanthera,,dr15870,NE AVH data,in65,University of New England,co65,N.C.W. Beadle Herbarium,,NE,NE,"Kosciuszko National Park, Thredbo River, 5.4 km NW of Jindabyne",-36.36666667,148.5833333,,-36.36666667,148.5833333,,,Australia,New South Wales,Snowy River (A),,South Eastern Highlands,930,930,,,,"Medd, R.W.",2019,5,1,1/05/2019,,PreservedSpecimen,PreservedSpecimen,present,,,,TRUE,TRUE,217096b
5abc69a9-144d-477c-b478-311bd2563641,NSW 134369,https://id.biodiversity.org.au/node/apni/2915463,P. phylicifolia F.Muell.,,P. phylicifolia,species,,Plantae,Charophyta,Equisetopsida,Lamiales,Lamiaceae,Prostanthera,,dr15861,NSW AVH data,in50,The Royal Botanic Gardens & Domain Trust,co54,National Herbarium of New South Wales,,NSW,NSW,Kosciusko State Park Camping site on Waste Pt. [Thredbo and Snowy River].,-36.35,148.6,,-36.35,148.6,,25000,Australia,New South Wales,Snowy River (A),,South Eastern Highlands,,,,,,"Stead, T.Y.",,,,,,PreservedSpecimen,PreservedSpecimen,present,,sheet,,TRUE,TRUE,95
9c7cc4b3-6425-4f25-aac8-80cfa6072d6d,NSW 134364,https://id.biodiversity.org.au/node/apni/2915463,P. phylicifolia F.Muell.,,P. phylicifolia,species,,Plantae,Charophyta,Equisetopsida,Lamiales,Lamiaceae,Prostanthera,,dr15861,NSW AVH data,in50,The Royal Botanic Gardens & Domain Trust,co54,National Herbarium of New South Wales,,NSW,NSW,Waste Point on Snowy River.,-36.35,148.6,,-36.35,148.6,,25000,Australia,New South Wales,Snowy River (A),,South Eastern Highlands,914,914,,,,"Phillips, M.E.",1961,1,12,12/01/1961,,PreservedSpecimen,PreservedSpecimen,present,,sheet,,TRUE,TRUE,
43edba23-a5de-40b7-9034-ab9e5c3614f0,CANB 790652.1,https://id.biodiversity.org.au/node/apni/2915463,P. phylicifolia F.Muell.,,P. phylicifolia,species,,Plantae,Charophyta,Equisetopsida,Lamiales,Lamiaceae,Prostanthera,,dr15860,CANB AVH data,in5,Centre for Australian National Biodiversity Research,co12,Australian National Herbarium,,CANB,CANB,"Thredbo River, Waste Point.",-36.35,148.5833,,-36.35,148.5833,,1000,Australia,New South Wales,Snowy River (A),,South Eastern Highlands,,,,,,"Wimbush, D.J.",1961,12,18,18/12/1961,,PreservedSpecimen,PreservedSpecimen,present,,sheet,,TRUE,TRUE,
24f03d57-8d70-4825-a7d9-a6906828e34c,CANB 790650.1,https://id.biodiversity.org.au/node/apni/2915463,P. phylicifolia F.Muell.,,P. phylicifolia,species,,Plantae,Charophyta,Equisetopsida,Lamiales,Lamiaceae,Prostanthera,,dr15860,CANB AVH data,in5,Centre for Australian National Biodiversity Research,co12,Australian National Herbarium,,CANB,CANB,"Thredbo River, Waste Point.",-36.35,148.5833,,-36.35,148.5833,,1000,Australia,New South Wales,Snowy River (A),,South Eastern Highlands,,,,,,"Wimbush, D.J.",1961,12,18,18/12/1961,,PreservedSpecimen,PreservedSpecimen,present,,sheet,,TRUE,TRUE,
b5de44c3-8159-433a-a629-7145d8af0de1,CBG 3378.1,https://id.biodiversity.org.au/node/apni/2915463,P. phylicifolia F.Muell.,,P. phylicifolia,species,,Plantae,Charophyta,Equisetopsida,Lamiales,Lamiaceae,Prostanthera,,dr15860,CANB AVH data,in5,Centre for Australian National Biodiversity Research,co12,Australian National Herbarium,,CANB,CBG,"Waste Point, near Jindabyne. On banks of the Snowy River.",-36.3333,148.5833,,-36.3333,148.5833,,2000,Australia,New South Wales,Snowy River (A),,Australian Alps,,,,,,"Phillips, M.E.",1961,1,12,12/01/1961,,PreservedSpecimen,PreservedSpecimen,present,,sheet,,TRUE,TRUE,
4c01c621-d5df-4548-8280-47f9dd6b72c1,CANB 790688.1,https://id.biodiversity.org.au/node/apni/2915463,P. phylicifolia F.Muell.,,P. phylicifolia,species,,Plantae,Charophyta,Equisetopsida,Lamiales,Lamiaceae,Prostanthera,,dr15860,CANB AVH data,in5,Centre for Australian National Biodiversity Research,co12,Australian National Herbarium,,CANB,CANB,"Snowy River, Waste Point.",-36.3333,148.5667,,-36.3333,148.5667,,1000,Australia,New South Wales,Snowy River (A),,Australian Alps,,,,,,"Wimbush, D.J.",1961,11,3,3/11/1961,,PreservedSpecimen,PreservedSpecimen,present,,sheet,,TRUE,TRUE,
72499d19-c043-4f9e-ba69-89a176e83bf5,CANB 339097.1,https://id.biodiversity.org.au/node/apni/2915463,P. phylicifolia F.Muell.,,P. phylicifolia,species,,Plantae,Charophyta,Equisetopsida,Lamiales,Lamiaceae,Prostanthera,,dr15860,CANB AVH data,in5,Centre for Australian National Biodiversity Research,co12,Australian National Herbarium,,CANB,CANB,4.3 km NW of Jindabyne Pumping Station.,-36.3167,148.55,,-36.3167,148.55,,1000,Australia,New South Wales,Snowy River (A),,Australian Alps,1280,1280,,,,"Martensz, P.N.",1972,2,25,25/02/1972,,PreservedSpecimen,PreservedSpecimen,present,,sheet,,TRUE,TRUE,733a
68528fa9-569a-4220-aa2e-a2e8af9cb5d4,CANB 339096.1,https://id.biodiversity.org.au/node/apni/2915463,P. phylicifolia F.Muell.,,P. phylicifolia,species,,Plantae,Charophyta,Equisetopsida,Lamiales,Lamiaceae,Prostanthera,,dr15860,CANB AVH data,in5,Centre for Australian National Biodiversity Research,co12,Australian National Herbarium,,CANB,CANB,4.3 km NW of Jindabyne Pumping Station.,-36.3167,148.55,,-36.3167,148.55,,1000,Australia,New South Wales,Snowy River (A),,Australian Alps,1280,1280,,,,"Martensz, P.N.",1972,2,25,25/02/1972,,PreservedSpecimen,PreservedSpecimen,present,,sheet,,TRUE,TRUE,733
2645e4ee-2658-40b9-aefc-f452918a09ad,CANB 790637.1,https://id.biodiversity.org.au/node/apni/2915463,P. phylicifolia F.Muell.,,P. phylicifolia,species,,Plantae,Charophyta,Equisetopsida,Lamiales,Lamiaceae,Prostanthera,,dr15860,CANB AVH data,in5,Centre for Australian National Biodiversity Research,co12,Australian National Herbarium,,CANB,CANB,Upper Tuross River.,-36.3,149.5167,,-36.3,149.5167,,10000,Australia,New South Wales,Cooma-Monaro (A),,South Eastern Highlands,,,,,,"Wimbush, D.J.",1971,2,25,25/02/1971,,PreservedSpecimen,PreservedSpecimen,present,,sheet,,TRUE,TRUE,
e60763cb-921d-40a1-b066-7c3d6a1aa251,NSW 275953,https://id.biodiversity.org.au/node/apni/2915463,P. phylicifolia F.Muell.,,P. phylicifolia,species,,Plantae,Charophyta,Equisetopsida,Lamiales,Lamiaceae,Prostanthera,,dr15861,NSW AVH data,in50,The Royal Botanic Gardens & Domain Trust,co54,National Herbarium of New South Wales,,NSW,NSW,"Tuross River, 20 miles [32 km] E of Cooma.",-36.25,149.5,,-36.25,149.5,,25000,Australia,New South Wales,Cooma-Monaro (A),,South Eastern Highlands,,,,,,"Briggs, B.G.",1965,12,27,27/12/1965,,PreservedSpecimen,PreservedSpecimen,present,,sheet,,TRUE,TRUE,
8cd497af-7356-4179-91ef-d057bf33198b,NSW 127662,https://id.biodiversity.org.au/node/apni/2915463,P. phylicifolia F.Muell.,,P. phylicifolia,species,,Plantae,Charophyta,Equisetopsida,Lamiales,Lamiaceae,Prostanthera,,dr15861,NSW AVH data,in50,The Royal Botanic Gardens & Domain Trust,co54,National Herbarium of New South Wales,,NSW,NSW,Tuross River.,-36.2,149.75,,-36.2,149.75,,25000,Australia,New South Wales,Eurobodalla (A),,South East Corner,,,,,,"Harnett, M.A.",1921,1,,1/01/1921,,PreservedSpecimen,PreservedSpecimen,present,,sheet,,TRUE,TRUE,
64ffd627-75ea-4dec-ac14-435ec97d7416,NSW 276829,https://id.biodiversity.org.au/node/apni/2915463,P. phylicifolia F.Muell.,,P. phylicifolia,species,,Plantae,Charophyta,Equisetopsida,Lamiales,Lamiaceae,Prostanthera,,dr15861,NSW AVH data,in50,The Royal Botanic Gardens & Domain Trust,co54,National Herbarium of New South Wales,,NSW,NSW,Mount Eurambene. (Source of Shoalhaven River. 25 miles [40 km] west-southwest of Moruya).,-36.03,149.48,,-36.03,149.48,,25000,Australia,New South Wales,Cooma-Monaro (A),,South Eastern Highlands,1219,1219,,,,"Cole, J.",1945,11,22,22/11/1945,,PreservedSpecimen,PreservedSpecimen,present,,sheet,,TRUE,TRUE,
766e2555-6e75-4bf5-91e2-2cc797a70e59,NSW 275894,https://id.biodiversity.org.au/node/apni/2915463,P. phylicifolia F.Muell.,,P. phylicifolia,species,,Plantae,Charophyta,Equisetopsida,Lamiales,Lamiaceae,Prostanthera,,dr15861,NSW AVH data,in50,The Royal Botanic Gardens & Domain Trust,co54,National Herbarium of New South Wales,,NSW,NSW,"Big Badja Mountain [Hill], Great Dividing Range, 47 km NE [northeast] of Cooma.",-36.02,149.57,,-36.02,149.57,,2000,Australia,New South Wales,Eurobodalla (A),,South Eastern Highlands,1340,1340,,,,"Streimann, H.",1974,1,16,16/01/1974,,PreservedSpecimen,PreservedSpecimen,present,,sheet,,TRUE,TRUE,HS885
d74d4c7b-7dd0-4963-a1a5-bec7e67d19b9,ERBG-6063,https://id.biodiversity.org.au/node/apni/2915463,P. phylicifolia,,P. phylicifolia,species,,Plantae,Charophyta,Equisetopsida,Lamiales,Lamiaceae,Prostanthera,,dr2262,ERBG AVH data,in544,Eurobodalla Regional Botanic Garden,co301,Wallace Herbarium,,ERBG,ERBG,Big Badja Hill,-36.00611111,149.5652778,EPSG:4326,-36.00611111,149.5652778,,50,Australia,New South Wales,Cooma-Monaro (A),,South Eastern Highlands,,,,,,"Liney, J.",2003,12,8,8/12/2003,,PreservedSpecimen,PreservedSpecimen,present,,,,TRUE,TRUE,2039
0a5953e2-a790-49dc-bb44-f6f981751a6f,NSW 704841,https://id.biodiversity.org.au/node/apni/2915463,P. phylicifolia F.Muell.,,P. phylicifolia,species,,Plantae,Charophyta,Equisetopsida,Lamiales,Lamiaceae,Prostanthera,,dr15861,NSW AVH data,in50,The Royal Botanic Gardens & Domain Trust,co54,National Herbarium of New South Wales,,NSW,NSW,Big Badja Hill. AMG Badja 312123.,-36.0061111,149.5652778,,-36.0061111,149.5652778,,1000,Australia,New South Wales,Cooma-Monaro (A),,South Eastern Highlands,1360,1360,,,,"Liney, J.",2003,12,8,8/12/2003,,PreservedSpecimen,PreservedSpecimen,present,,sheet,,TRUE,TRUE,2039
71047a47-bad4-4f40-950a-ef4572dee454,CANB 654959.1,https://id.biodiversity.org.au/node/apni/2915463,P. phylicifolia F.Muell.,,P. phylicifolia,species,,Plantae,Charophyta,Equisetopsida,Lamiales,Lamiaceae,Prostanthera,,dr15860,CANB AVH data,in5,Centre for Australian National Biodiversity Research,co12,Australian National Herbarium,,CANB,CANB,Deua National Park. Big Badja Hill. Map Badja 312123.,-36.0061,149.5653,,-36.0061,149.5653,,50,Australia,New South Wales,Cooma-Monaro (A),,South Eastern Highlands,1360,1360,,,,"Liney, J.",2003,12,8,8/12/2003,,PreservedSpecimen,PreservedSpecimen,present,,sheet,,TRUE,TRUE,2039
f20f5413-19f0-4210-85ad-ab23362c1422,NSW 428944,https://id.biodiversity.org.au/node/apni/2915463,P. phylicifolia F.Muell.,,P. phylicifolia,species,,Plantae,Charophyta,Equisetopsida,Lamiales,Lamiaceae,Prostanthera,,dr15861,NSW AVH data,in50,The Royal Botanic Gardens & Domain Trust,co54,National Herbarium of New South Wales,,NSW,NSW,"Big Badja Mountain, c. 100 m from trig,",-36.0052778,149.5658333,,-36.0052778,149.5658333,,50,Australia,New South Wales,Cooma-Monaro (A),,South Eastern Highlands,1350,1350,,,,"Wood, B.",1998,12,5,5/12/1998,,PreservedSpecimen,PreservedSpecimen,present,,sheet,,TRUE,TRUE,13
a5702773-e316-4ee5-ae29-ac4eaa31c1e7,NSW 887109,https://id.biodiversity.org.au/node/apni/2915463,P. phylicifolia F.Muell.,,P. phylicifolia,species,,Plantae,Charophyta,Equisetopsida,Lamiales,Lamiaceae,Prostanthera,,dr15861,NSW AVH data,in50,The Royal Botanic Gardens & Domain Trust,co54,National Herbarium of New South Wales,,NSW,NSW,"Beside track from carpark to summit, Big Badja Hill",-36.0044,149.5664,GDA94,-36.0044,149.5664,,,Australia,New South Wales,Cooma-Monaro (A),,South Eastern Highlands,,,,,,"Liney, J.",2003,12,8,8/12/2003,,PreservedSpecimen,PreservedSpecimen,present,,sheet,,TRUE,TRUE,2039
1b740b7a-897f-4911-9160-a9cd63627889,NSW 1057814,https://id.biodiversity.org.au/node/apni/2915463,P. phylicifolia F.Muell.,,P. phylicifolia,species,,Plantae,Charophyta,Equisetopsida,Lamiales,Lamiaceae,Prostanthera,,dr15861,NSW AVH data,in50,The Royal Botanic Gardens & Domain Trust,co54,National Herbarium of New South Wales,,NSW,NSW,"Beside track from carpark to summit, Big Badja Hill",-36.0044,149.5664,GDA94,-36.0044,149.5664,,,Australia,New South Wales,Cooma-Monaro (A),,South Eastern Highlands,,,,,,"Liney, J.",2003,12,8,8/12/2003,,PreservedSpecimen,PreservedSpecimen,present,,,,TRUE,TRUE,2039
aaf83d9e-4b16-4cca-900f-8372fe00af52,CBG 3303.1,https://id.biodiversity.org.au/node/apni/2915463,P. phylicifolia F.Muell.,,P. phylicifolia,species,,Plantae,Charophyta,Equisetopsida,Lamiales,Lamiaceae,Prostanthera,,dr15860,CANB AVH data,in5,Centre for Australian National Biodiversity Research,co12,Australian National Herbarium,,CANB,CBG,Big Badja Hill.,-36,149.5667,,-36,149.5667,,1000,Australia,New South Wales,Cooma-Monaro (A),,South Eastern Highlands,,,,,,"Gauba, E.",1950,1,6,6/01/1950,,PreservedSpecimen,PreservedSpecimen,present,,sheet,,TRUE,TRUE,
6d8d1e29-2983-4990-9fef-9ff391d3a92a,NSW 275948,https://id.biodiversity.org.au/node/apni/2915463,P. phylicifolia F.Muell.,,P. phylicifolia,species,,Plantae,Charophyta,Equisetopsida,Lamiales,Lamiaceae,Prostanthera,,dr15861,NSW AVH data,in50,The Royal Botanic Gardens & Domain Trust,co54,National Herbarium of New South Wales,,NSW,NSW,Big Badja Hill.,-36,149.58,,-36,149.58,,25000,Australia,New South Wales,Palerang (A),,South Eastern Highlands,,,,,,"Blaxell, D.F.",1974,2,1,1/02/1974,,PreservedSpecimen,PreservedSpecimen,present,,sheet,,TRUE,TRUE,1235
08d53002-19ec-4448-881a-3d8139e3e58c,NE 110132,https://id.biodiversity.org.au/node/apni/2915463,P. phylicifolia F.Muell.,,P. phylicifolia,species,,Plantae,Charophyta,Equisetopsida,Lamiales,Lamiaceae,Prostanthera,,dr15870,NE AVH data,in65,University of New England,co65,N.C.W. Beadle Herbarium,,NE,NE,Big Badja Hill,-36,149.5833333,,-36,149.5833333,,,Australia,New South Wales,Palerang (A),,South Eastern Highlands,,,,,,"Blaxell, D.F.",1974,2,1,1/02/1974,,PreservedSpecimen,PreservedSpecimen,present,,,,TRUE,TRUE,1235
a01cb44f-2a39-4c82-a104-5747c87da47b,NSW 134370,https://id.biodiversity.org.au/node/apni/2915463,P. phylicifolia F.Muell.,,P. phylicifolia,species,,Plantae,Charophyta,Equisetopsida,Lamiales,Lamiaceae,Prostanthera,,dr15861,NSW AVH data,in50,The Royal Botanic Gardens & Domain Trust,co54,National Herbarium of New South Wales,,NSW,NSW,"Big Badja Mountain, via Cooma.",-36,149.57,,-36,149.57,,,Australia,New South Wales,Palerang (A),,South Eastern Highlands,,,,,,"Hitchcock, P.",1970,7,,1/07/1970,,PreservedSpecimen,PreservedSpecimen,present,,sheet,,TRUE,TRUE,
d2b5b6b0-59a4-4e84-bb46-3f1d9f4d821c,NSW 134368,https://id.biodiversity.org.au/node/apni/2915463,P. phylicifolia F.Muell.,,P. phylicifolia,species,,Plantae,Charophyta,Equisetopsida,Lamiales,Lamiaceae,Prostanthera,,dr15861,NSW AVH data,in50,The Royal Botanic Gardens & Domain Trust,co54,National Herbarium of New South Wales,,NSW,NSW,Near Adaminaby.,-36,148.78,,-36,148.78,,25000,Australia,New South Wales,Snowy River (A),,South Eastern Highlands,1000,1000,,,,"James, J.",1955,12,13,13/12/1955,,PreservedSpecimen,PreservedSpecimen,present,,sheet,,TRUE,TRUE,
6cfc293a-5e3d-4280-9609-62b524c488ce,CBG 54039.1,https://id.biodiversity.org.au/node/apni/2915463,P. phylicifolia F.Muell.,,P. phylicifolia,species,,Plantae,Charophyta,Equisetopsida,Lamiales,Lamiaceae,Prostanthera,,dr15860,CANB AVH data,in5,Centre for Australian National Biodiversity Research,co12,Australian National Herbarium,,CANB,CBG,"Big Badja Mtn., Great Dividing Ra., 47 km. N.E. of Cooma.",-35.9833,149.5667,,-35.9833,149.5667,,2000,Australia,New South Wales,Palerang (A),,South Eastern Highlands,1340,1340,,,,"Streimann, H.",1974,1,16,16/01/1974,,PreservedSpecimen,PreservedSpecimen,present,,sheet,,TRUE,TRUE,885
1adb5e11-58b6-4263-a2eb-d975481e7170,CBG 54039.2,https://id.biodiversity.org.au/node/apni/2915463,P. phylicifolia F.Muell.,,P. phylicifolia,species,,Plantae,Charophyta,Equisetopsida,Lamiales,Lamiaceae,Prostanthera,,dr15860,CANB AVH data,in5,Centre for Australian National Biodiversity Research,co12,Australian National Herbarium,,CANB,CBG,"Big Badja Mtn., Great Dividing Ra., 47 km. N.E. of Cooma.",-35.9833,149.5667,,-35.9833,149.5667,,2000,Australia,New South Wales,Palerang (A),,South Eastern Highlands,1340,1340,,,,"Streimann, H.",1974,1,16,16/01/1974,,PreservedSpecimen,PreservedSpecimen,present,,alcohol,,TRUE,TRUE,885
511012c7-f8a8-4793-83af-ce3c22f49508,CBG 53366.1,https://id.biodiversity.org.au/node/apni/2915463,P. phylicifolia F.Muell.,,P. phylicifolia,species,,Plantae,Charophyta,Equisetopsida,Lamiales,Lamiaceae,Prostanthera,,dr15860,CANB AVH data,in5,Centre for Australian National Biodiversity Research,co12,Australian National Herbarium,,CANB,CBG,"Big Badja Mtn., Great Dividing Ra., 47 km. N.E. of Cooma.",-35.9833,149.5667,,-35.9833,149.5667,,2000,Australia,New South Wales,Palerang (A),,South Eastern Highlands,,,,,,"Streimann, H.",1973,9,17,17/09/1973,,PreservedSpecimen,PreservedSpecimen,present,,sheet,,TRUE,TRUE,175
f47d1e6f-9dd2-4e25-9a03-a3371659f1a0,NE 109832,https://id.biodiversity.org.au/node/apni/2915463,P. phylicifolia F.Muell.,,P. phylicifolia,species,,Plantae,Charophyta,Equisetopsida,Lamiales,Lamiaceae,Prostanthera,,dr15870,NE AVH data,in65,University of New England,co65,N.C.W. Beadle Herbarium,,NE,NE,"Murrumbidgee River, c. 5.8 km NNE of Adaminaby",-35.94844444,148.7950833,,-35.94844444,148.7950833,,,Australia,New South Wales,Cooma-Monaro (A),,South Eastern Highlands,1020,1020,,,,"Medd, R.W.",2019,5,3,3/05/2019,,PreservedSpecimen,PreservedSpecimen,present,,,,TRUE,TRUE,217100d
0fff13ea-ad29-4cd8-ab5d-f0642f67e32e,NE 109831,https://id.biodiversity.org.au/node/apni/2915463,P. phylicifolia F.Muell.,,P. phylicifolia,species,,Plantae,Charophyta,Equisetopsida,Lamiales,Lamiaceae,Prostanthera,,dr15870,NE AVH data,in65,University of New England,co65,N.C.W. Beadle Herbarium,,NE,NE,"Murrumbidgee River, c. 5.8 km NNE of Adaminaby",-35.94769444,148.7950278,,-35.94769444,148.7950278,,,Australia,New South Wales,Cooma-Monaro (A),,South Eastern Highlands,1020,1020,,,,"Medd, R.W.",2019,5,3,3/05/2019,,PreservedSpecimen,PreservedSpecimen,present,,,,TRUE,TRUE,217100b
f6a2d047-137a-41a2-bd7b-298cd4a85221,NE 109833,https://id.biodiversity.org.au/node/apni/2915463,P. phylicifolia F.Muell.,,P. phylicifolia,species,,Plantae,Charophyta,Equisetopsida,Lamiales,Lamiaceae,Prostanthera,,dr15870,NE AVH data,in65,University of New England,co65,N.C.W. Beadle Herbarium,,NE,NE,"Murrumbidgee River, c. 5.8 km NNE of Adaminaby",-35.94733333,148.7947778,,-35.94733333,148.7947778,,,Australia,New South Wales,Cooma-Monaro (A),,South Eastern Highlands,1020,1020,,,,"Medd, R.W.",2019,5,3,3/05/2019,,PreservedSpecimen,PreservedSpecimen,present,,,,TRUE,TRUE,217100e
7da1d579-f1cd-4ffc-9cf7-bd09fa9ff1f6,NE 109830,https://id.biodiversity.org.au/node/apni/2915463,P. phylicifolia F.Muell.,,P. phylicifolia,species,,Plantae,Charophyta,Equisetopsida,Lamiales,Lamiaceae,Prostanthera,,dr15870,NE AVH data,in65,University of New England,co65,N.C.W. Beadle Herbarium,,NE,NE,"Murrumbidgee River, c. 5.8 km NNE of Adaminaby",-35.94702778,148.7943056,,-35.94702778,148.7943056,,,Australia,New South Wales,Cooma-Monaro (A),,South Eastern Highlands,1020,1020,,,,"Medd, R.W.",2019,5,3,3/05/2019,,PreservedSpecimen,PreservedSpecimen,present,,,,TRUE,TRUE,217100a
519affad-44d5-45aa-813f-0aabd9271c84,CANB 100622.1,https://id.biodiversity.org.au/node/apni/2915463,P. phylicifolia F.Muell.,,P. phylicifolia,species,,Plantae,Charophyta,Equisetopsida,Lamiales,Lamiaceae,Prostanthera,,dr15860,CANB AVH data,in5,Centre for Australian National Biodiversity Research,co12,Australian National Herbarium,,CANB,CANB,Tinderry Range.,-35.9333,149.45,,-35.9333,149.45,,10000,Australia,New South Wales,Cooma-Monaro (A),,South Eastern Highlands,1500,1500,,,,Walker,1962,1,6,6/01/1962,,PreservedSpecimen,PreservedSpecimen,present,,sheet,,TRUE,TRUE,ANU 110
9871eefd-29a6-47fd-9bc9-7df0e7060d8b,CBG 9001964.1,https://id.biodiversity.org.au/node/apni/2915463,P. phylicifolia F.Muell.,,P. phylicifolia,species,,Plantae,Charophyta,Equisetopsida,Lamiales,Lamiaceae,Prostanthera,,dr15860,CANB AVH data,in5,Centre for Australian National Biodiversity Research,co12,Australian National Herbarium,,CANB,CBG,2.4 km SW of Nalyappa property on E bank of Murrumbidgee River (straight line measurement).,-35.8333,148.8167,,-35.8333,148.8167,,1000,Australia,New South Wales,Cooma-Monaro (A),,Australian Alps,970,970,,,,"Hadlow, B.",1990,1,13,13/01/1990,,PreservedSpecimen,PreservedSpecimen,present,,sheet,,TRUE,TRUE,627
67b3e272-3f3c-406d-b0bd-436cfbeb2250,CBG 8905775.1,https://id.biodiversity.org.au/node/apni/2915463,P. phylicifolia F.Muell.,,P. phylicifolia,species,,Plantae,Charophyta,Equisetopsida,Lamiales,Lamiaceae,Prostanthera,,dr15860,CANB AVH data,in5,Centre for Australian National Biodiversity Research,co12,Australian National Herbarium,,CANB,CBG,"Namadgi National Park, northern ridge of Hospital Hill.",-35.775,148.9917,,-35.775,148.9917,,1000,Australia,Australian Capital Territory,Unincorporated ACT,,Australian Alps,1340,1340,,,,"Gilmour, P.",1988,12,19,19/12/1988,,PreservedSpecimen,PreservedSpecimen,present,,sheet,,TRUE,TRUE,6698
edfb9e7d-e13a-4319-b30d-ec43e3103a54,CBG 9409715.1,https://id.biodiversity.org.au/node/apni/2915463,P. phylicifolia F.Muell.,,P. phylicifolia,species,,Plantae,Charophyta,Equisetopsida,Lamiales,Lamiaceae,Prostanthera,,dr15860,CANB AVH data,in5,Centre for Australian National Biodiversity Research,co12,Australian National Herbarium,,CANB,CBG,"Tinderry Nature Reserve, c. 11 km E of Michelago along road to Captains Flat, left-hand side of road.",-35.75,149.2667,,-35.75,149.2667,,1000,Australia,New South Wales,Cooma-Monaro (A),,South Eastern Highlands,1250,1250,,,,"Mulcahy, T.",1994,12,13,13/12/1994,,PreservedSpecimen,PreservedSpecimen,present,,sheet,,TRUE,TRUE,49
d41b7f56-5d56-4044-b585-6884173ee50f,CBG 9409726.1,https://id.biodiversity.org.au/node/apni/2915463,P. phylicifolia F.Muell.,,P. phylicifolia,species,,Plantae,Charophyta,Equisetopsida,Lamiales,Lamiaceae,Prostanthera,,dr15860,CANB AVH data,in5,Centre for Australian National Biodiversity Research,co12,Australian National Herbarium,,CANB,CBG,"Tinderry Nature Reserve, c. 12 km E of Michelago along road to Captains Flat, left-hand side of road.",-35.75,149.2667,,-35.75,149.2667,,1000,Australia,New South Wales,Cooma-Monaro (A),,South Eastern Highlands,1300,1300,,,,"Mulcahy, T.",1994,12,13,13/12/1994,,PreservedSpecimen,PreservedSpecimen,present,,sheet,,TRUE,TRUE,60
d0f43448-15fb-40b2-af56-d1bf4bd104d5,CBG 8413449.1,https://id.biodiversity.org.au/node/apni/2915463,P. phylicifolia F.Muell.,,P. phylicifolia,species,,Plantae,Charophyta,Equisetopsida,Lamiales,Lamiaceae,Prostanthera,,dr15860,CANB AVH data,in5,Centre for Australian National Biodiversity Research,co12,Australian National Herbarium,,CANB,CBG,"12 km SE of Michelago on gravel road to Captains Flat, 200 m off road on left hand side.",-35.75,149.2667,,-35.75,149.2667,,1000,Australia,New South Wales,Cooma-Monaro (A),,South Eastern Highlands,1000,1000,,,,"Stewart, G.",1984,12,20,20/12/1984,,PreservedSpecimen,PreservedSpecimen,present,,sheet,,TRUE,TRUE,658
9decda79-a2f2-46d7-87b3-9185c9c2bfc9,AD 99150405,https://id.biodiversity.org.au/node/apni/2915463,P. phylicifolia F.Muell.,,P. phylicifolia,species,,Plantae,Charophyta,Equisetopsida,Lamiales,Lamiaceae,Prostanthera,,dr15865,Australasian Virtual Herbarium (AVH) data from the State Herbarium of South Australia (AD),in41,"Department of Environment, Water and Natural Resources",co48,State Herbarium of South Australia,,AD,AD,12 km SE of Michelago on gravel road to Captains Flat. 200 m off road on left hand side,-35.75,149.266667,AGD84,-35.74864789,149.2676501,,1000,Australia,New South Wales,Cooma-Monaro (A),,South Eastern Highlands,1000,1000,,,,"Stewart, G. | Whigham, P.",1984,12,20,20/12/1984,20-Dec-84,PreservedSpecimen,PreservedSpecimen,present,,,,TRUE,TRUE,658
0539993d-5cba-4713-b102-804c470400ec,NSW 272048,https://id.biodiversity.org.au/node/apni/2915463,P. phylicifolia F.Muell.,,P. phylicifolia,species,,Plantae,Charophyta,Equisetopsida,Lamiales,Lamiaceae,Prostanthera,,dr15861,NSW AVH data,in50,The Royal Botanic Gardens & Domain Trust,co54,National Herbarium of New South Wales,,NSW,NSW,"12 km SE of Michelago on gravel road to Captains Flat, 200 m off road on left hand side.",-35.75,149.27,,-35.75,149.27,,,Australia,New South Wales,Cooma-Monaro (A),,South Eastern Highlands,1000,1000,,,,"Stewart, G.",1984,12,20,20/12/1984,,PreservedSpecimen,PreservedSpecimen,present,,sheet,,TRUE,TRUE,658
5d552955-9ccc-4db3-b1f3-cf7d15a8fcd1,CBG 52776.1,https://id.biodiversity.org.au/node/apni/2915463,P. phylicifolia F.Muell.,,P. phylicifolia,species,,Plantae,Charophyta,Equisetopsida,Lamiales,Lamiaceae,Prostanthera,,dr15860,CANB AVH data,in5,Centre for Australian National Biodiversity Research,co12,Australian National Herbarium,,CANB,CBG,"On southern slopes of South Tinderry Pic, 11.3 km east of Michelago.",-35.75,149.25,,-35.75,149.25,,5000,Australia,New South Wales,Cooma-Monaro (A),,South Eastern Highlands,,,,,,"Verdon, D.",1973,5,26,26/05/1973,,PreservedSpecimen,PreservedSpecimen,present,,sheet,,TRUE,TRUE,73/31
2ee30f65-a3fe-452e-a575-9c76ee1db692,CANB 865435.1,https://id.biodiversity.org.au/node/apni/2915463,P. phylicifolia F.Muell.,,P. phylicifolia,species,,Plantae,Charophyta,Equisetopsida,Lamiales,Lamiaceae,Prostanthera,,dr15860,CANB AVH data,in5,Centre for Australian National Biodiversity Research,co12,Australian National Herbarium,,CANB,CANB,Tinderry Nature Reserve.,-35.7375,149.2706,WGS84,-35.7375,149.2706,,50,Australia,New South Wales,Cooma-Monaro (A),,South Eastern Highlands,1372,1372,,,,"Higgisson, W.",2013,2,12,12/02/2013,,PreservedSpecimen,PreservedSpecimen,present,,sheet,,TRUE,TRUE,14
2ab6e879-261c-4ca6-ada8-695a73ceef20,CBG 9208368.1,https://id.biodiversity.org.au/node/apni/2915463,P. phylicifolia F.Muell.,,P. phylicifolia,species,,Plantae,Charophyta,Equisetopsida,Lamiales,Lamiaceae,Prostanthera,,dr15860,CANB AVH data,in5,Centre for Australian National Biodiversity Research,co12,Australian National Herbarium,,CANB,CBG,"Tinderry Mountains, ca 5 km S of Tinderry Peak.",-35.7333,149.2667,,-35.7333,149.2667,,1000,Australia,New South Wales,Cooma-Monaro (A),,South Eastern Highlands,1300,1300,,,,"Lyne, A.M.",1992,5,7,7/05/1992,,PreservedSpecimen,PreservedSpecimen,present,,sheet,,TRUE,TRUE,757
1b798ce5-d8fc-414f-8cdf-22e76865127b,NSW 134367,https://id.biodiversity.org.au/node/apni/2915463,P. phylicifolia F.Muell.,,P. phylicifolia,species,,Plantae,Charophyta,Equisetopsida,Lamiales,Lamiaceae,Prostanthera,,dr15861,NSW AVH data,in50,The Royal Botanic Gardens & Domain Trust,co54,National Herbarium of New South Wales,,NSW,NSW,Tinderry Mountains.,-35.73,149.28,,-35.73,149.28,,25000,Australia,New South Wales,Cooma-Monaro (A),,South Eastern Highlands,,,,,,"Costin, A.B.",,,,,,PreservedSpecimen,PreservedSpecimen,present,,sheet,,TRUE,TRUE,
e7974177-2edd-48d9-ad1a-9389b8384798,CBG 9300415.1,https://id.biodiversity.org.au/node/apni/2915463,P. phylicifolia F.Muell.,,P. phylicifolia,species,,Plantae,Charophyta,Equisetopsida,Lamiales,Lamiaceae,Prostanthera,,dr15860,CANB AVH data,in5,Centre for Australian National Biodiversity Research,co12,Australian National Herbarium,,CANB,CBG,"Tinderry Ranges, 7 km ENE of Michelago, 1.5 km SW of Tinderry Peak trig. (Map ref.: Michelago 8726, 054.471)",-35.7281,149.2722,,-35.7281,149.2722,,50,Australia,New South Wales,Cooma-Monaro (A),,South Eastern Highlands,1440,1440,,,,"Richmond, S.",1993,1,12,12/01/1993,,PreservedSpecimen,PreservedSpecimen,present,,sheet,,TRUE,TRUE,2
95ae7e85-8dbd-4020-b641-7ae0d5f18964,CBG 9300445.1,https://id.biodiversity.org.au/node/apni/2915463,P. phylicifolia F.Muell.,,P. phylicifolia,species,,Plantae,Charophyta,Equisetopsida,Lamiales,Lamiaceae,Prostanthera,,dr15860,CANB AVH data,in5,Centre for Australian National Biodiversity Research,co12,Australian National Herbarium,,CANB,CBG,"Tinderry Mountains, 3.5 km SSW (direct) from Tinderry Peak trig station. (Map ref.: Michelago 8726, 054.471)",-35.7281,149.2733,,-35.7281,149.2733,,50,Australia,New South Wales,Cooma-Monaro (A),,South Eastern Highlands,1360,1360,,,,"Podreka, S.",1993,1,14,14/01/1993,,PreservedSpecimen,PreservedSpecimen,present,,sheet,,TRUE,TRUE,2
16379a64-778f-4c3f-95a6-5c1c268fe6fc,CBG 9300434.1,https://id.biodiversity.org.au/node/apni/2915463,P. phylicifolia F.Muell.,,P. phylicifolia,species,,Plantae,Charophyta,Equisetopsida,Lamiales,Lamiaceae,Prostanthera,,dr15860,CANB AVH data,in5,Centre for Australian National Biodiversity Research,co12,Australian National Herbarium,,CANB,CBG,"Tinderry Mountains, 3.5 km (direct) SW of Tinderry Peak Trig. Station. (Map ref.: Michelago 8726, 054.471)",-35.7281,149.2722,,-35.7281,149.2722,,50,Australia,New South Wales,Cooma-Monaro (A),,South Eastern Highlands,1380,1380,,,,"Alston, S.",1993,1,12,12/01/1993,,PreservedSpecimen,PreservedSpecimen,present,,sheet,,TRUE,TRUE,2
d9c20454-f481-42e3-affc-ca096328b3fd,NSW 460571,https://id.biodiversity.org.au/node/apni/2915463,P. phylicifolia F.Muell.,,P. phylicifolia,species,,Plantae,Charophyta,Equisetopsida,Lamiales,Lamiaceae,Prostanthera,,dr15861,NSW AVH data,in50,The Royal Botanic Gardens & Domain Trust,co54,National Herbarium of New South Wales,,NSW,NSW,"Tinderry Mountains, 3.5 km south-southwest (direct) from Tinderry Peak trig station.",-35.7280556,149.2733333,,-35.7280556,149.2733333,,50,Australia,New South Wales,Cooma-Monaro (A),,South Eastern Highlands,1360,1360,,,,"Podreka, S.",1993,1,14,14/01/1993,,PreservedSpecimen,PreservedSpecimen,present,,sheet,,TRUE,TRUE,2
8ead3e79-6487-4ee3-96d6-40c45db1a259,CBG 8403443.2,https://id.biodiversity.org.au/node/apni/2915463,P. phylicifolia F.Muell.,,P. phylicifolia,species,,Plantae,Charophyta,Equisetopsida,Lamiales,Lamiaceae,Prostanthera,,dr15860,CANB AVH data,in5,Centre for Australian National Biodiversity Research,co12,Australian National Herbarium,,CANB,CBG,"Tinderry Mts, 2 km S of South Tinderry Pic.",-35.7167,149.2667,,-35.7167,149.2667,,1000,Australia,New South Wales,Cooma-Monaro (A),,South Eastern Highlands,1300,1300,,,,"Telford, I.R.",1984,3,27,27/03/1984,,PreservedSpecimen,PreservedSpecimen,present,,reference,,TRUE,TRUE,9666
18a124c6-f49b-4ebc-a2b6-15090e2b6645,CBG 8403443.1,https://id.biodiversity.org.au/node/apni/2915463,P. phylicifolia F.Muell.,,P. phylicifolia,species,,Plantae,Charophyta,Equisetopsida,Lamiales,Lamiaceae,Prostanthera,,dr15860,CANB AVH data,in5,Centre for Australian National Biodiversity Research,co12,Australian National Herbarium,,CANB,CBG,"Tinderry Mts, 2 km S of South Tinderry Pic.",-35.7167,149.2667,,-35.7167,149.2667,,1000,Australia,New South Wales,Cooma-Monaro (A),,South Eastern Highlands,1300,1300,,,,"Telford, I.R.",1984,3,27,27/03/1984,,PreservedSpecimen,PreservedSpecimen,present,,sheet,,TRUE,TRUE,9666
fe283313-7113-485a-a32a-cbd7dec6cdbf,NSW 134366,https://id.biodiversity.org.au/node/apni/2915463,P. phylicifolia F.Muell.,,P. phylicifolia,species,,Plantae,Charophyta,Equisetopsida,Lamiales,Lamiaceae,Prostanthera,,dr15861,NSW AVH data,in50,The Royal Botanic Gardens & Domain Trust,co54,National Herbarium of New South Wales,,NSW,NSW,Mt Tinderry.,-35.7,149.27,,-35.7,149.27,,25000,Australia,New South Wales,Cooma-Monaro (A),,South Eastern Highlands,,,,,,"Costin, A.B.",1948,10,30,30/10/1948,,PreservedSpecimen,PreservedSpecimen,present,,sheet,,TRUE,TRUE,
b49f9eff-9721-4699-b802-1c769dd67bf9,NSW 275920,https://id.biodiversity.org.au/node/apni/2915463,P. phylicifolia F.Muell.,,P. phylicifolia,species,,Plantae,Charophyta,Equisetopsida,Lamiales,Lamiaceae,Prostanthera,,dr15861,NSW AVH data,in50,The Royal Botanic Gardens & Domain Trust,co54,National Herbarium of New South Wales,,NSW,NSW,"Tinderry Mountains, 2 km S of South Tinderry Pic.",-35.7,149.27,,-35.7,149.27,,10000,Australia,New South Wales,Cooma-Monaro (A),,South Eastern Highlands,1300,1300,,,,"Telford, I.R.H.",1984,3,27,27/03/1984,,PreservedSpecimen,PreservedSpecimen,present,,sheet,,TRUE,TRUE,9666
b04c879b-00d1-483b-abeb-d1c9dabfb33c,NSW 275944,https://id.biodiversity.org.au/node/apni/2915463,P. phylicifolia F.Muell.,,P. phylicifolia,species,,Plantae,Charophyta,Equisetopsida,Lamiales,Lamiaceae,Prostanthera,,dr15861,NSW AVH data,in50,The Royal Botanic Gardens & Domain Trust,co54,National Herbarium of New South Wales,,NSW,NSW,"Tinderry Mountains, c. 6 miles [9 km] east-southeast of Michelago, Monaro Shire.",-35.7,149.27,,-35.7,149.27,,25000,Australia,New South Wales,Cooma-Monaro (A),,South Eastern Highlands,1280,1280,,,,"Adams, L.G.",1971,12,3,3/12/1971,,PreservedSpecimen,PreservedSpecimen,present,,sheet,,TRUE,TRUE,2610
469a4544-8bfa-4cd0-95f4-e6f44738fd2b,CANB 335603.1,https://id.biodiversity.org.au/node/apni/2915463,P. phylicifolia F.Muell.,,P. phylicifolia,species,,Plantae,Charophyta,Equisetopsida,Lamiales,Lamiaceae,Prostanthera,,dr15860,CANB AVH data,in5,Centre for Australian National Biodiversity Research,co12,Australian National Herbarium,,CANB,CANB,Near the top of South Tinderry Peak.,-35.7,149.2667,,-35.7,149.2667,,2000,Australia,New South Wales,Cooma-Monaro (A),,South Eastern Highlands,,,,,,"McVean, D.",1970,5,21,21/05/1970,,PreservedSpecimen,PreservedSpecimen,present,,sheet,,TRUE,TRUE,ANU 8630
bc9827bf-17c4-49c1-8660-8b2e8e885ebd,CANB 209263.1,https://id.biodiversity.org.au/node/apni/2915463,P. phylicifolia F.Muell.,,P. phylicifolia,species,,Plantae,Charophyta,Equisetopsida,Lamiales,Lamiaceae,Prostanthera,,dr15860,CANB AVH data,in5,Centre for Australian National Biodiversity Research,co12,Australian National Herbarium,,CANB,CANB,South Tinderry Peak (south to southwest aspects).,-35.6833,149.25,,-35.6833,149.25,,2000,Australia,New South Wales,Cooma-Monaro (A),,South Eastern Highlands,,,,,,"Pook, E.W.",1970,11,29,29/11/1970,,PreservedSpecimen,PreservedSpecimen,present,,sheet,,TRUE,TRUE,
ff447006-e53b-444b-9419-0c56f011285d,NSW 624610,https://id.biodiversity.org.au/node/apni/2915463,P. phylicifolia F.Muell.,,P. phylicifolia,species,,Plantae,Charophyta,Equisetopsida,Lamiales,Lamiaceae,Prostanthera,,dr15861,NSW AVH data,in50,The Royal Botanic Gardens & Domain Trust,co54,National Herbarium of New South Wales,,NSW,NSW,"Nursery Swamp, ridge to NE of main swamp.",-35.6747222,148.9772222,,-35.6747222,148.9772222,,50,Australia,Australian Capital Territory,Unincorporated ACT,,Australian Alps,1240,1240,,,,"Taws, N.",1993,12,26,26/12/1993,,PreservedSpecimen,PreservedSpecimen,present,,sheet,,TRUE,TRUE,315
003f8e2e-17d6-44d7-987b-637a829ea2c4,CBG 9316422.1,https://id.biodiversity.org.au/node/apni/2915463,P. phylicifolia F.Muell.,,P. phylicifolia,species,,Plantae,Charophyta,Equisetopsida,Lamiales,Lamiaceae,Prostanthera,,dr15860,CANB AVH data,in5,Centre for Australian National Biodiversity Research,co12,Australian National Herbarium,,CANB,CBG,"Namadgi National Park, Nursery Swamp, ridge to NE of main swamp. (Grid ref.: Rendezvous Creek 8626-1-S, 789.504)",-35.6747,148.9772,,-35.6747,148.9772,,50,Australia,Australian Capital Territory,Unincorporated ACT,,Australian Alps,1240,1240,,,,"Taws, N.",1993,12,26,26/12/1993,,PreservedSpecimen,PreservedSpecimen,present,,sheet,,TRUE,TRUE,315
bd9e4d23-229d-4c86-ab7e-d26c46760696,NSW 262248,https://id.biodiversity.org.au/node/apni/2915463,P. phylicifolia F.Muell.,,P. phylicifolia,species,,Plantae,Charophyta,Equisetopsida,Lamiales,Lamiaceae,Prostanthera,,dr15861,NSW AVH data,in50,The Royal Botanic Gardens & Domain Trust,co54,National Herbarium of New South Wales,,NSW,NSW,"Tinderry Twin Peak, c. 100 m W of summit.",-35.67,149.27,,-35.67,149.27,,10000,Australia,New South Wales,Cooma-Monaro (A),,South Eastern Highlands,1540,1540,,,,"Davis, F.E.",1992,5,19,19/05/1992,,PreservedSpecimen,PreservedSpecimen,present,,sheet,,TRUE,TRUE,1731
afbee7f6-a64b-49ff-bba5-9a778c57b6df,MEL 1616855A,https://id.biodiversity.org.au/node/apni/2915463,P. phylicifolia,,P. phylicifolia,species,,Plantae,Charophyta,Equisetopsida,Lamiales,Lamiaceae,Prostanthera,,dr376,MEL AVH data,in21,Royal Botanic Gardens Victoria,co55,National Herbarium of Victoria,CC-BY 4.0 (Int),MEL,MEL,"Tinderry Nature Reserve, Tinderry Twin Peak, c. 100 metres W of summit.",-35.6667,149.2667,epsg:4326,-35.6667,149.2667,,10000,Australia,New South Wales,Cooma-Monaro (A),,South Eastern Highlands,1540,1540,,,,"Davies, F.E.",1992,5,19,19/05/1992,,PreservedSpecimen,PreservedSpecimen,present,,Sheet,,TRUE,TRUE,1731
a01510b0-201c-43f4-a6b2-40223ab52c7c,CBG 9207641.1,https://id.biodiversity.org.au/node/apni/2915463,P. phylicifolia F.Muell.,,P. phylicifolia,species,,Plantae,Charophyta,Equisetopsida,Lamiales,Lamiaceae,Prostanthera,,dr15860,CANB AVH data,in5,Centre for Australian National Biodiversity Research,co12,Australian National Herbarium,,CANB,CBG,"Tinderry Nature Reserve, Tinderry Twin Peak, c. 100 m W of summit.",-35.6667,149.2667,,-35.6667,149.2667,,1000,Australia,New South Wales,Cooma-Monaro (A),,South Eastern Highlands,1540,1540,,,,"Davies, F.E.",1992,5,19,19/05/1992,,PreservedSpecimen,PreservedSpecimen,present,,sheet,,TRUE,TRUE,1731
a7ae9d25-4d97-48e8-b399-2807b0641409,NSW 856887,https://id.biodiversity.org.au/taxon/apni/51301125,P. sp. nov. aff. gilesii,,P. sp. Evans Crown,genus,,Plantae,Charophyta,Equisetopsida,Lamiales,Lamiaceae,Prostanthera,,dr15861,NSW AVH data,in50,The Royal Botanic Gardens & Domain Trust,co54,National Herbarium of New South Wales,,NSW,NSW,"0.5 km SW of Evans Crown, Evans Crown Nature Reserve, Tarana.",-33.5639,149.9208,,-33.5639,149.9208,,,Australia,New South Wales,Lithgow (C),,South Eastern Highlands,1020,1020,,,,"Rodd, A.N.",2002,3,9,9/03/2002,,PreservedSpecimen,PreservedSpecimen,present,,sheet,,TRUE,TRUE,11009
